tel_1,VF37ARFZE00000003,content.34187.1.1,trip_name,125,1770634940469,1770634940769,bk,1770634940469515200
tel_2,VF37ARFZE00000006,content.34183.1.4,fuel_level,43,1770634940470,1770634940908,bk,1770634940469515201
tel_3,VF37ARFZE00000006,content.34183.1.12,sunroof_position_status,Closed,1770634940471,1770634941107,bk,1770634940469515202
tel_4,VF37ARFZE00000010,content.34193.1.8,estimated_running_time,902,1770634940472,1770634940802,bk,1770634940469515203
tel_5,VF37ARFZE00000009,content.34183.1.18,rear_left_tire_pressure,39,1770634940473,1770634941233,bk,1770634940469515204
tel_6,VF37ARFZE00000008,content.34183.1.43,driver_tilt_position,869,1770634940474,1770634940720,bk,1770634940469515205
tel_7,VF37ARFZE00000002,content.34183.1.11,remaining_distance,148815,1770634940475,1770634940765,bk,1770634940469515206
tel_8,VF37ARFZE00000003,content.34193.1.6,charging_control,82,1770634940476,1770634941233,bk,1770634940469515207
tel_9,VF37ARFZE00000002,content.34223.1.6,third_row_driver_seat_belt,303,1770634940477,1770634940893,bk,1770634940469515208
tel_10,VF37ARFZE00000005,content.34193.1.22,peak_off_hour_end,182,1770634940478,1770634941221,bk,1770634940469515209
tel_11,VF37ARFZE00000007,content.34187.1.5,average_power_consumption_(non-vfe34),31,1770634940479,1770634941429,bk,1770634940469515210
tel_12,VF37ARFZE00000005,content.6.1.10,gnss_status,Closed,1770634940480,1770634941171,bk,1770634940469515211
tel_13,VF37ARFZE00000009,content.34183.1.34,cpd_status,Active,1770634940481,1770634941438,bk,1770634940469515212
tel_14,VF37ARFZE00000008,content.34183.1.40,mirror_position_right_y,544,1770634940482,1770634941219,bk,1770634940469515213
tel_15,VF37ARFZE00000006,content.34223.1.5,second_row_middle_seat_belt,904,1770634940483,1770634941066,bk,1770634940469515214
tel_16,VF37ARFZE00000009,content.34183.1.46,autodiag,929,1770634940484,1770634941403,bk,1770634940469515215
tel_17,VF37ARFZE00000004,content.34183.1.21,front_right_tire_temperature,48,1770634940485,1770634940648,bk,1770634940469515216
tel_18,VF37ARFZE00000001,content.34193.1.4,charge_lid_control,505,1770634940486,1770634941220,bk,1770634940469515217
tel_19,VF37ARFZE00000002,content.6.1.6,downstream_route_request,77,1770634940487,1770634941463,bk,1770634940469515218
tel_20,VF37ARFZE00000004,content.34193.1.32,charging_type,22,1770634940488,1770634940837,bk,1770634940469515219
tel_21,VF37ARFZE00000010,content.34183.1.7,ambient_temperature,45,1770634940489,1770634940804,bk,1770634940469515220
tel_22,VF37ARFZE00000009,content.34193.1.27,errorcode,922,1770634940490,1770634941233,bk,1770634940469515221
tel_23,VF37ARFZE00000002,content.34223.1.2,first_row_passenger_seat_belt,959,1770634940491,1770634941243,bk,1770634940469515222
tel_24,VF37ARFZE00000004,content.34193.1.28,charging_interrupt_warning,676,1770634940492,1770634940497,bk,1770634940469515223
tel_25,VF37ARFZE00000007,content.34183.1.32,vehicle_drvice_mode,Inactive,1770634940493,1770634941177,bk,1770634940469515224
tel_26,VF37ARFZE00000009,content.6.1.7,downstream_info,784,1770634940494,1770634941080,bk,1770634940469515225
tel_27,VF37ARFZE00000002,content.34183.1.12,sunroof_position_status,Active,1770634940495,1770634941250,bk,1770634940469515226
tel_28,VF37ARFZE00000007,content.34223.1.8,passenger_occupancy_status,Off,1770634940496,1770634941166,bk,1770634940469515227
tel_29,VF37ARFZE00000003,content.34193.1.12,charge_schedule_start_time,277,1770634940497,1770634940713,bk,1770634940469515228
tel_30,VF37ARFZE00000002,content.34181.1.2,vehicle_class,48,1770634940498,1770634940810,bk,1770634940469515229
tel_31,VF37ARFZE00000005,content.34183.1.20,front_left_tire_temperature,36,1770634940499,1770634940680,bk,1770634940469515230
tel_32,VF37ARFZE00000006,content.34193.1.5,charging_status,Open,1770634940500,1770634941340,bk,1770634940469515231
tel_33,VF37ARFZE00000005,content.34183.1.2,vehicle_speed,55,1770634940501,1770634941170,bk,1770634940469515232
tel_34,VF37ARFZE00000006,content.34193.1.21,peak_off_hour_start,189,1770634940502,1770634940539,bk,1770634940469515233
tel_35,VF37ARFZE00000007,content.34183.1.14,central_lock_status,On,1770634940503,1770634940988,bk,1770634940469515234
tel_36,VF37ARFZE00000002,content.34183.1.4,fuel_level,85,1770634940504,1770634941449,bk,1770634940469515235
tel_37,VF37ARFZE00000004,content.34193.1.13,set_departure_time,935,1770634940505,1770634940967,bk,1770634940469515236
tel_38,VF37ARFZE00000008,content.34180.1.9,vehicle_production_identifier,407,1770634940506,1770634940721,bk,1770634940469515237
tel_39,VF37ARFZE00000009,content.34223.1.2,first_row_passenger_seat_belt,700,1770634940507,1770634940975,bk,1770634940469515238
tel_40,VF37ARFZE00000005,content.34183.1.29,handbrake_status,Closed,1770634940508,1770634941180,bk,1770634940469515239
tel_41,VF37ARFZE00000007,content.34193.1.20,plc_duty_cycle,591,1770634940509,1770634941245,bk,1770634940469515240
tel_42,VF37ARFZE00000010,content.34223.1.8,passenger_occupancy_status,Closed,1770634940510,1770634940737,bk,1770634940469515241
tel_43,VF37ARFZE00000007,content.34183.1.31,number_of_passengers,661,1770634940511,1770634941483,bk,1770634940469515242
tel_44,VF37ARFZE00000006,content.34193.1.20,plc_duty_cycle,778,1770634940512,1770634940620,bk,1770634940469515243
tel_45,VF37ARFZE00000005,content.34180.1.3,vehicle_manufacturer,436,1770634940513,1770634940800,bk,1770634940469515244
tel_46,VF37ARFZE00000007,content.34183.1.44,driver_track_position,135,1770634940514,1770634940562,bk,1770634940469515245
tel_47,VF37ARFZE00000003,content.34193.1.6,charging_control,140,1770634940515,1770634940853,bk,1770634940469515246
tel_48,VF37ARFZE00000005,content.34183.1.37,mirror_position_left_x,658,1770634940516,1770634941169,bk,1770634940469515247
tel_49,VF37ARFZE00000004,content.34183.1.14,central_lock_status,On,1770634940517,1770634940963,bk,1770634940469515248
tel_50,VF37ARFZE00000010,content.34193.1.20,plc_duty_cycle,646,1770634940518,1770634941437,bk,1770634940469515249
tel_51,VF37ARFZE00000003,content.34183.1.51,ods_to_detect_font_seat_status_of_occupancy,Closed,1770634940519,1770634941109,bk,1770634940469515250
tel_52,VF37ARFZE00000004,content.6.1.2,altitude,644,1770634940520,1770634941325,bk,1770634940469515251
tel_53,VF37ARFZE00000001,content.34183.1.11,remaining_distance,416455,1770634940521,1770634940964,bk,1770634940469515252
tel_54,VF37ARFZE00000005,content.34187.1.1,trip_name,462,1770634940522,1770634941382,bk,1770634940469515253
tel_55,VF37ARFZE00000006,content.34183.1.6,timestamp,516,1770634940523,1770634940930,bk,1770634940469515254
tel_56,VF37ARFZE00000007,content.34223.1.3,second_row_driver_seat_belt,544,1770634940524,1770634941411,bk,1770634940469515255
tel_57,VF37ARFZE00000001,content.34183.1.27,rain_sensor,481,1770634940525,1770634940531,bk,1770634940469515256
tel_58,VF37ARFZE00000002,content.6.1.2,altitude,172,1770634940526,1770634941063,bk,1770634940469515257
tel_59,VF37ARFZE00000010,content.6.1.0,latitude,10.000000,1770634940527,1770634941433,bk,1770634940469515258
tel_60,VF37ARFZE00000010,content.34180.1.3,vehicle_manufacturer,238,1770634940528,1770634941432,bk,1770634940469515259
tel_61,VF37ARFZE00000009,content.34193.1.2,charging_gun_authenticate_status,Off,1770634940529,1770634941460,bk,1770634940469515260
tel_62,VF37ARFZE00000005,content.34193.1.3,charge_lid_status,Open,1770634940530,1770634941275,bk,1770634940469515261
tel_63,VF37ARFZE00000004,content.34183.1.48,adas_did_fd10,301,1770634940531,1770634941483,bk,1770634940469515262
tel_64,VF37ARFZE00000003,content.34193.1.31,charge_gun_connection_status_,Open,1770634940532,1770634940535,bk,1770634940469515263
tel_65,VF37ARFZE00000002,content.34183.1.19,rear_right_tire_pressure,20,1770634940533,1770634941281,bk,1770634940469515264
tel_66,VF37ARFZE00000006,content.34183.1.22,rear_left_tire_temperature,47,1770634940534,1770634940836,bk,1770634940469515265
tel_67,VF37ARFZE00000001,content.34193.1.23,enable_peak_off_hour,353,1770634940535,1770634940781,bk,1770634940469515266
tel_68,VF37ARFZE00000005,content.34193.1.22,peak_off_hour_end,203,1770634940536,1770634941329,bk,1770634940469515267
tel_69,VF37ARFZE00000004,content.34183.1.35,remote_control_status,Closed,1770634940537,1770634941288,bk,1770634940469515268
tel_70,VF37ARFZE00000002,content.34183.1.44,driver_track_position,943,1770634940538,1770634940635,bk,1770634940469515269
tel_71,VF37ARFZE00000002,content.34183.1.16,front_left_tire_pressure,54,1770634940539,1770634940805,bk,1770634940469515270
tel_72,VF37ARFZE00000001,content.34193.1.17,dc_charging_gun_status,On,1770634940540,1770634941513,bk,1770634940469515271
tel_73,VF37ARFZE00000009,content.34183.1.36,capp_status,Active,1770634940541,1770634941163,bk,1770634940469515272
tel_74,VF37ARFZE00000004,content.34181.1.2,vehicle_class,10,1770634940542,1770634940650,bk,1770634940469515273
tel_75,VF37ARFZE00000010,content.34181.1.8,l/r_hd,237,1770634940543,1770634941517,bk,1770634940469515274
tel_76,VF37ARFZE00000007,content.34193.1.19,current_target_soc,15,1770634940544,1770634940696,bk,1770634940469515275
tel_77,VF37ARFZE00000002,content.34193.1.8,estimated_running_time,742,1770634940545,1770634941083,bk,1770634940469515276
tel_78,VF37ARFZE00000010,content.34183.1.11,remaining_distance,473615,1770634940546,1770634940707,bk,1770634940469515277
tel_79,VF37ARFZE00000008,content.34183.1.33,media_play_event,394,1770634940547,1770634940883,bk,1770634940469515278
tel_80,VF37ARFZE00000006,content.34183.1.10,ignition_status,Open,1770634940548,1770634940734,bk,1770634940469515279
tel_81,VF37ARFZE00000001,content.34193.1.21,peak_off_hour_start,271,1770634940549,1770634941178,bk,1770634940469515280
tel_82,VF37ARFZE00000008,content.34183.1.50,ods_to_detect_rear_seat_on_vf5_gsm_taxi,580,1770634940550,1770634941167,bk,1770634940469515281
tel_83,VF37ARFZE00000006,content.34183.1.51,ods_to_detect_font_seat_status_of_occupancy,On,1770634940551,1770634941431,bk,1770634940469515282
tel_84,VF37ARFZE00000008,content.34183.1.27,rain_sensor,836,1770634940552,1770634941465,bk,1770634940469515283
tel_85,VF37ARFZE00000008,content.34183.1.13,sunshade_position_status,Open,1770634940553,1770634941470,bk,1770634940469515284
tel_86,VF37ARFZE00000008,content.34193.1.5,charging_status,Inactive,1770634940554,1770634940839,bk,1770634940469515285
tel_87,VF37ARFZE00000007,content.34180.1.11,vehicle_owner,519,1770634940555,1770634941469,bk,1770634940469515286
tel_88,VF37ARFZE00000005,content.34183.1.6,timestamp,173,1770634940556,1770634940865,bk,1770634940469515287
tel_89,VF37ARFZE00000001,content.34183.1.14,central_lock_status,Closed,1770634940557,1770634940746,bk,1770634940469515288
tel_90,VF37ARFZE00000004,content.34183.1.12,sunroof_position_status,Inactive,1770634940558,1770634941390,bk,1770634940469515289
tel_91,VF37ARFZE00000003,content.34193.1.12,charge_schedule_start_time,562,1770634940559,1770634941394,bk,1770634940469515290
tel_92,VF37ARFZE00000006,content.6.1.6,downstream_route_request,268,1770634940560,1770634941141,bk,1770634940469515291
tel_93,VF37ARFZE00000006,content.34193.1.4,charge_lid_control,45,1770634940561,1770634941033,bk,1770634940469515292
tel_94,VF37ARFZE00000007,content.6.1.9,upstream_info,470,1770634940562,1770634941399,bk,1770634940469515293
tel_95,VF37ARFZE00000002,content.34180.1.9,vehicle_production_identifier,138,1770634940563,1770634941031,bk,1770634940469515294
tel_96,VF37ARFZE00000006,content.34183.1.3,odometer,44128,1770634940564,1770634941028,bk,1770634940469515295
tel_97,VF37ARFZE00000007,content.34183.1.40,mirror_position_right_y,465,1770634940565,1770634941168,bk,1770634940469515296
tel_98,VF37ARFZE00000002,content.34180.1.3,vehicle_manufacturer,222,1770634940566,1770634940704,bk,1770634940469515297
tel_99,VF37ARFZE00000005,content.34183.1.5,lv_battery_soc,31,1770634940567,1770634941273,bk,1770634940469515298
tel_100,VF37ARFZE00000010,content.34183.1.30,parking_duration,735,1770634940568,1770634941532,bk,1770634940469515299
tel_101,VF37ARFZE00000003,content.34183.1.35,remote_control_status,Active,1770634940569,1770634940686,bk,1770634940469515300
tel_102,VF37ARFZE00000005,content.34181.1.4,vehicle_type,89,1770634940570,1770634940725,bk,1770634940469515301
tel_103,VF37ARFZE00000005,content.34193.1.8,estimated_running_time,355,1770634940571,1770634940927,bk,1770634940469515302
tel_104,VF37ARFZE00000009,content.34183.1.5,lv_battery_soc,31,1770634940572,1770634940692,bk,1770634940469515303
tel_105,VF37ARFZE00000005,content.6.1.6,downstream_route_request,446,1770634940573,1770634941447,bk,1770634940469515304
tel_106,VF37ARFZE00000001,content.6.1.5,timestamp,657,1770634940574,1770634940909,bk,1770634940469515305
tel_107,VF37ARFZE00000001,content.34183.1.41,brake_regen_mode,Off,1770634940575,1770634941384,bk,1770634940469515306
tel_108,VF37ARFZE00000004,content.34183.1.8,magnetic_declination,273,1770634940576,1770634940797,bk,1770634940469515307
tel_109,VF37ARFZE00000009,content.34183.1.42,driver_recliner_position,960,1770634940577,1770634941548,bk,1770634940469515308
tel_110,VF37ARFZE00000009,content.6.1.0,latitude,15.000000,1770634940578,1770634941549,bk,1770634940469515309
tel_111,VF37ARFZE00000006,content.34181.1.6,market_area,488,1770634940579,1770634940730,bk,1770634940469515310
tel_112,VF37ARFZE00000007,content.6.1.1,longitude,115.000000,1770634940580,1770634940839,bk,1770634940469515311
tel_113,VF37ARFZE00000008,content.34193.1.10,charge_schedule_status,Off,1770634940581,1770634941275,bk,1770634940469515312
tel_114,VF37ARFZE00000010,content.34181.1.5,year_of_production,452,1770634940582,1770634940876,bk,1770634940469515313
tel_115,VF37ARFZE00000009,content.34183.1.44,driver_track_position,208,1770634940583,1770634941059,bk,1770634940469515314
tel_116,VF37ARFZE00000002,content.34183.1.20,front_left_tire_temperature,54,1770634940584,1770634941419,bk,1770634940469515315
tel_117,VF37ARFZE00000009,content.34181.1.3,engine_type,238,1770634940585,1770634941316,bk,1770634940469515316
tel_118,VF37ARFZE00000006,content.34183.1.3,odometer,35537,1770634940586,1770634940931,bk,1770634940469515317
tel_119,VF37ARFZE00000007,content.34187.1.3,average_speed,88,1770634940587,1770634941145,bk,1770634940469515318
tel_120,VF37ARFZE00000004,content.6.1.6,downstream_route_request,663,1770634940588,1770634940961,bk,1770634940469515319
tel_121,VF37ARFZE00000004,content.34193.1.6,charging_control,499,1770634940589,1770634941544,bk,1770634940469515320
tel_122,VF37ARFZE00000002,content.34180.1.3,vehicle_manufacturer,668,1770634940590,1770634941469,bk,1770634940469515321
tel_123,VF37ARFZE00000003,content.34223.1.7,third_row_passenger_seat_belt,393,1770634940591,1770634940681,bk,1770634940469515322
tel_124,VF37ARFZE00000004,content.34193.1.9,set_target_soc,1,1770634940592,1770634941053,bk,1770634940469515323
tel_125,VF37ARFZE00000001,content.34183.1.39,mirror_position_right_x,321,1770634940593,1770634941390,bk,1770634940469515324
tel_126,VF37ARFZE00000009,content.6.1.6,downstream_route_request,582,1770634940594,1770634940817,bk,1770634940469515325
tel_127,VF37ARFZE00000002,content.34193.1.13,set_departure_time,51,1770634940595,1770634941236,bk,1770634940469515326
tel_128,VF37ARFZE00000008,content.34187.1.2,distance,204642,1770634940596,1770634941196,bk,1770634940469515327
tel_129,VF37ARFZE00000010,content.6.1.1,longitude,105.000000,1770634940597,1770634940725,bk,1770634940469515328
tel_130,VF37ARFZE00000002,content.34183.1.12,sunroof_position_status,Open,1770634940598,1770634941413,bk,1770634940469515329
tel_131,VF37ARFZE00000007,content.34181.1.8,l/r_hd,321,1770634940599,1770634941367,bk,1770634940469515330
tel_132,VF37ARFZE00000004,content.34223.1.5,second_row_middle_seat_belt,175,1770634940600,1770634941451,bk,1770634940469515331
tel_133,VF37ARFZE00000002,content.34183.1.42,driver_recliner_position,85,1770634940601,1770634940860,bk,1770634940469515332
tel_134,VF37ARFZE00000004,content.34193.1.12,charge_schedule_start_time,728,1770634940602,1770634941196,bk,1770634940469515333
tel_135,VF37ARFZE00000003,content.34183.1.10,ignition_status,On,1770634940603,1770634941502,bk,1770634940469515334
tel_136,VF37ARFZE00000002,content.34180.1.10,vehicle_name,944,1770634940604,1770634941177,bk,1770634940469515335
tel_137,VF37ARFZE00000004,content.6.1.4,velocity,14,1770634940605,1770634940815,bk,1770634940469515336
tel_138,VF37ARFZE00000003,content.34193.1.27,errorcode,778,1770634940606,1770634940779,bk,1770634940469515337
tel_139,VF37ARFZE00000009,content.34183.1.45,driver_height_position,789,1770634940607,1770634940747,bk,1770634940469515338
tel_140,VF37ARFZE00000006,content.34183.1.46,autodiag,611,1770634940608,1770634941481,bk,1770634940469515339
tel_141,VF37ARFZE00000006,content.34193.1.18,auto_charge_transaction_info,547,1770634940609,1770634940699,bk,1770634940469515340
tel_142,VF37ARFZE00000004,content.34193.1.23,enable_peak_off_hour,144,1770634940610,1770634940944,bk,1770634940469515341
tel_143,VF37ARFZE00000005,content.34183.1.9,hv_battery_soc,64,1770634940611,1770634940639,bk,1770634940469515342
tel_144,VF37ARFZE00000005,content.34181.1.4,vehicle_type,918,1770634940612,1770634941069,bk,1770634940469515343
tel_145,VF37ARFZE00000005,content.34180.1.7,model_year,On,1770634940613,1770634940861,bk,1770634940469515344
tel_146,VF37ARFZE00000005,content.34183.1.45,driver_height_position,483,1770634940614,1770634940713,bk,1770634940469515345
tel_147,VF37ARFZE00000003,content.34193.1.31,charge_gun_connection_status_,Closed,1770634940615,1770634940995,bk,1770634940469515346
tel_148,VF37ARFZE00000009,content.34187.1.2,distance,463972,1770634940616,1770634940623,bk,1770634940469515347
tel_149,VF37ARFZE00000002,content.34183.1.35,remote_control_status,Open,1770634940617,1770634941490,bk,1770634940469515348
tel_150,VF37ARFZE00000003,content.34193.1.22,peak_off_hour_end,517,1770634940618,1770634940762,bk,1770634940469515349
tel_151,VF37ARFZE00000006,content.34193.1.13,set_departure_time,624,1770634940619,1770634940898,bk,1770634940469515350
tel_152,VF37ARFZE00000003,content.6.1.2,altitude,802,1770634940620,1770634941200,bk,1770634940469515351
tel_153,VF37ARFZE00000008,content.34187.1.6,average_power_consumption_(vfe34),419,1770634940621,1770634941157,bk,1770634940469515352
tel_154,VF37ARFZE00000002,content.10351.1.1,door_name,618,1770634940622,1770634940801,bk,1770634940469515353
tel_155,VF37ARFZE00000001,content.34183.1.15,interior_temperature,52,1770634940623,1770634940953,bk,1770634940469515354
tel_156,VF37ARFZE00000002,content.34180.1.11,vehicle_owner,534,1770634940624,1770634941447,bk,1770634940469515355
tel_157,VF37ARFZE00000007,content.34183.1.17,front_right_tire_pressure,78,1770634940625,1770634941518,bk,1770634940469515356
tel_158,VF37ARFZE00000004,content.34183.1.37,mirror_position_left_x,895,1770634940626,1770634941391,bk,1770634940469515357
tel_159,VF37ARFZE00000007,content.10351.1.50,door_status,Closed,1770634940627,1770634941334,bk,1770634940469515358
tel_160,VF37ARFZE00000007,content.34187.1.5,average_power_consumption_(non-vfe34),92,1770634940628,1770634941447,bk,1770634940469515359
tel_161,VF37ARFZE00000005,content.34183.1.2,vehicle_speed,97,1770634940629,1770634941061,bk,1770634940469515360
tel_162,VF37ARFZE00000005,content.34183.1.29,handbrake_status,Closed,1770634940630,1770634941389,bk,1770634940469515361
tel_163,VF37ARFZE00000003,content.34181.1.6,market_area,776,1770634940631,1770634941616,bk,1770634940469515362
tel_164,VF37ARFZE00000008,content.34183.1.36,capp_status,Active,1770634940632,1770634941028,bk,1770634940469515363
tel_165,VF37ARFZE00000003,content.34183.1.20,front_left_tire_temperature,37,1770634940633,1770634941038,bk,1770634940469515364
tel_166,VF37ARFZE00000004,content.34183.1.21,front_right_tire_temperature,59,1770634940634,1770634941543,bk,1770634940469515365
tel_167,VF37ARFZE00000002,content.34183.1.14,central_lock_status,Inactive,1770634940635,1770634940756,bk,1770634940469515366
tel_168,VF37ARFZE00000001,content.10351.1.100,door_control,303,1770634940636,1770634941354,bk,1770634940469515367
tel_169,VF37ARFZE00000001,content.34193.1.19,current_target_soc,21,1770634940637,1770634941440,bk,1770634940469515368
tel_170,VF37ARFZE00000004,content.34183.1.33,media_play_event,716,1770634940638,1770634941149,bk,1770634940469515369
tel_171,VF37ARFZE00000006,content.34183.1.27,rain_sensor,483,1770634940639,1770634941067,bk,1770634940469515370
tel_172,VF37ARFZE00000002,content.34180.1.9,vehicle_production_identifier,641,1770634940640,1770634940950,bk,1770634940469515371
tel_173,VF37ARFZE00000008,content.34223.1.3,second_row_driver_seat_belt,112,1770634940641,1770634941607,bk,1770634940469515372
tel_174,VF37ARFZE00000001,content.34193.1.16,charging_attempt_timestamp,552,1770634940642,1770634941022,bk,1770634940469515373
tel_175,VF37ARFZE00000008,content.34180.1.7,model_year,Off,1770634940643,1770634941566,bk,1770634940469515374
tel_176,VF37ARFZE00000008,content.34183.1.51,ods_to_detect_font_seat_status_of_occupancy,Open,1770634940644,1770634940646,bk,1770634940469515375
tel_177,VF37ARFZE00000005,content.6.1.10,gnss_status,Inactive,1770634940645,1770634940653,bk,1770634940469515376
tel_178,VF37ARFZE00000003,content.34193.1.17,dc_charging_gun_status,On,1770634940646,1770634941634,bk,1770634940469515377
tel_179,VF37ARFZE00000002,content.34223.1.2,first_row_passenger_seat_belt,22,1770634940647,1770634941223,bk,1770634940469515378
tel_180,VF37ARFZE00000001,content.34183.1.25,brake_position,140,1770634940648,1770634941308,bk,1770634940469515379
tel_181,VF37ARFZE00000010,content.34183.1.8,magnetic_declination,671,1770634940649,1770634941342,bk,1770634940469515380
tel_182,VF37ARFZE00000010,content.34183.1.40,mirror_position_right_y,53,1770634940650,1770634940809,bk,1770634940469515381
tel_183,VF37ARFZE00000001,content.34193.1.16,charging_attempt_timestamp,111,1770634940651,1770634941337,bk,1770634940469515382
tel_184,VF37ARFZE00000006,content.34183.1.43,driver_tilt_position,254,1770634940652,1770634941010,bk,1770634940469515383
tel_185,VF37ARFZE00000008,content.34193.1.8,estimated_running_time,17,1770634940653,1770634941067,bk,1770634940469515384
tel_186,VF37ARFZE00000010,content.34183.1.38,mirror_position_left_y,370,1770634940654,1770634941627,bk,1770634940469515385
tel_187,VF37ARFZE00000003,content.6.1.4,velocity,117,1770634940655,1770634941351,bk,1770634940469515386
tel_188,VF37ARFZE00000005,content.6.1.7,downstream_info,349,1770634940656,1770634941195,bk,1770634940469515387
tel_189,VF37ARFZE00000002,content.34193.1.25,charge_schedule_mode,Closed,1770634940657,1770634941654,bk,1770634940469515388
tel_190,VF37ARFZE00000004,content.34223.1.7,third_row_passenger_seat_belt,571,1770634940658,1770634941317,bk,1770634940469515389
tel_191,VF37ARFZE00000007,content.34193.1.20,plc_duty_cycle,961,1770634940659,1770634940689,bk,1770634940469515390
tel_192,VF37ARFZE00000007,content.34193.1.9,set_target_soc,22,1770634940660,1770634941219,bk,1770634940469515391
tel_193,VF37ARFZE00000001,content.6.1.11,bearing_degree,71,1770634940661,1770634941071,bk,1770634940469515392
tel_194,VF37ARFZE00000006,content.34223.1.5,second_row_middle_seat_belt,734,1770634940662,1770634941321,bk,1770634940469515393
tel_195,VF37ARFZE00000009,content.34183.1.47,start_autodiag,127,1770634940663,1770634941152,bk,1770634940469515394
tel_196,VF37ARFZE00000010,content.34183.1.51,ods_to_detect_font_seat_status_of_occupancy,On,1770634940664,1770634941273,bk,1770634940469515395
tel_197,VF37ARFZE00000006,content.34223.1.6,third_row_driver_seat_belt,987,1770634940665,1770634940909,bk,1770634940469515396
tel_198,VF37ARFZE00000004,content.34183.1.13,sunshade_position_status,Off,1770634940666,1770634941661,bk,1770634940469515397
tel_199,VF37ARFZE00000001,content.34181.1.4,vehicle_type,760,1770634940667,1770634941442,bk,1770634940469515398
tel_200,VF37ARFZE00000002,content.34183.1.2,vehicle_speed,114,1770634940668,1770634941146,bk,1770634940469515399
tel_201,VF37ARFZE00000007,content.6.1.7,downstream_info,245,1770634940669,1770634941004,bk,1770634940469515400
tel_202,VF37ARFZE00000003,content.34193.1.23,enable_peak_off_hour,738,1770634940670,1770634941543,bk,1770634940469515401
tel_203,VF37ARFZE00000008,content.34193.1.5,charging_status,Closed,1770634940671,1770634941623,bk,1770634940469515402
tel_204,VF37ARFZE00000007,content.34183.1.24,time_zone,635,1770634940672,1770634941259,bk,1770634940469515403
tel_205,VF37ARFZE00000010,content.34187.1.1,trip_name,652,1770634940673,1770634941016,bk,1770634940469515404
tel_206,VF37ARFZE00000004,content.34183.1.10,ignition_status,Off,1770634940674,1770634941128,bk,1770634940469515405
tel_207,VF37ARFZE00000001,content.34193.1.28,charging_interrupt_warning,856,1770634940675,1770634941232,bk,1770634940469515406
tel_208,VF37ARFZE00000005,content.34183.1.11,remaining_distance,339305,1770634940676,1770634941038,bk,1770634940469515407
tel_209,VF37ARFZE00000002,content.34183.1.26,accelerator_pedal_position,482,1770634940677,1770634941165,bk,1770634940469515408
tel_210,VF37ARFZE00000009,content.6.1.6,downstream_route_request,627,1770634940678,1770634941481,bk,1770634940469515409
tel_211,VF37ARFZE00000001,content.34181.1.8,l/r_hd,921,1770634940679,1770634941128,bk,1770634940469515410
tel_212,VF37ARFZE00000001,content.6.1.10,gnss_status,On,1770634940680,1770634940697,bk,1770634940469515411
tel_213,VF37ARFZE00000007,content.34193.1.20,plc_duty_cycle,88,1770634940681,1770634941129,bk,1770634940469515412
tel_214,VF37ARFZE00000008,content.34181.1.6,market_area,428,1770634940682,1770634941511,bk,1770634940469515413
tel_215,VF37ARFZE00000003,content.34183.1.24,time_zone,920,1770634940683,1770634940944,bk,1770634940469515414
tel_216,VF37ARFZE00000005,content.34183.1.28,current_abs_mode,Open,1770634940684,1770634940690,bk,1770634940469515415
tel_217,VF37ARFZE00000007,content.34183.1.4,fuel_level,58,1770634940685,1770634941336,bk,1770634940469515416
tel_218,VF37ARFZE00000003,content.34193.1.30,super_fast_charge_longer,975,1770634940686,1770634940784,bk,1770634940469515417
tel_219,VF37ARFZE00000002,content.34183.1.8,magnetic_declination,867,1770634940687,1770634941475,bk,1770634940469515418
tel_220,VF37ARFZE00000006,content.34183.1.37,mirror_position_left_x,977,1770634940688,1770634940903,bk,1770634940469515419
tel_221,VF37ARFZE00000001,content.34193.1.13,set_departure_time,667,1770634940689,1770634940701,bk,1770634940469515420
tel_222,VF37ARFZE00000001,content.34183.1.9,hv_battery_soc,91,1770634940690,1770634941572,bk,1770634940469515421
tel_223,VF37ARFZE00000010,content.34193.1.16,charging_attempt_timestamp,790,1770634940691,1770634941046,bk,1770634940469515422
tel_224,VF37ARFZE00000005,content.34183.1.37,mirror_position_left_x,214,1770634940692,1770634940905,bk,1770634940469515423
tel_225,VF37ARFZE00000005,content.34193.1.7,charging_remaining_time,433,1770634940693,1770634941397,bk,1770634940469515424
tel_226,VF37ARFZE00000009,content.34181.1.4,vehicle_type,881,1770634940694,1770634941421,bk,1770634940469515425
tel_227,VF37ARFZE00000007,content.34183.1.37,mirror_position_left_x,944,1770634940695,1770634940744,bk,1770634940469515426
tel_228,VF37ARFZE00000009,content.34187.1.2,distance,230972,1770634940696,1770634941270,bk,1770634940469515427
tel_229,VF37ARFZE00000006,content.6.1.10,gnss_status,Active,1770634940697,1770634941018,bk,1770634940469515428
tel_230,VF37ARFZE00000008,content.6.1.1,longitude,112.000000,1770634940698,1770634940732,bk,1770634940469515429
tel_231,VF37ARFZE00000001,content.34183.1.14,central_lock_status,Inactive,1770634940699,1770634941043,bk,1770634940469515430
tel_232,VF37ARFZE00000003,content.34183.1.25,brake_position,213,1770634940700,1770634940795,bk,1770634940469515431
tel_233,VF37ARFZE00000007,content.34193.1.22,peak_off_hour_end,584,1770634940701,1770634941147,bk,1770634940469515432
tel_234,VF37ARFZE00000007,content.34193.1.22,peak_off_hour_end,625,1770634940702,1770634940857,bk,1770634940469515433
tel_235,VF37ARFZE00000007,content.34187.1.6,average_power_consumption_(vfe34),571,1770634940703,1770634941343,bk,1770634940469515434
tel_236,VF37ARFZE00000008,content.34183.1.3,odometer,233635,1770634940704,1770634941445,bk,1770634940469515435
tel_237,VF37ARFZE00000001,content.6.1.6,downstream_route_request,548,1770634940705,1770634941553,bk,1770634940469515436
tel_238,VF37ARFZE00000002,content.34180.1.11,vehicle_owner,757,1770634940706,1770634941010,bk,1770634940469515437
tel_239,VF37ARFZE00000010,content.34183.1.16,front_left_tire_pressure,85,1770634940707,1770634941177,bk,1770634940469515438
tel_240,VF37ARFZE00000003,content.34193.1.3,charge_lid_status,Active,1770634940708,1770634941680,bk,1770634940469515439
tel_241,VF37ARFZE00000010,content.34183.1.51,ods_to_detect_font_seat_status_of_occupancy,Off,1770634940709,1770634940725,bk,1770634940469515440
tel_242,VF37ARFZE00000006,content.6.1.7,downstream_info,449,1770634940710,1770634941416,bk,1770634940469515441
tel_243,VF37ARFZE00000004,content.34193.1.28,charging_interrupt_warning,477,1770634940711,1770634941478,bk,1770634940469515442
tel_244,VF37ARFZE00000007,content.6.1.2,altitude,62,1770634940712,1770634941407,bk,1770634940469515443
tel_245,VF37ARFZE00000010,content.34183.1.11,remaining_distance,50604,1770634940713,1770634940863,bk,1770634940469515444
tel_246,VF37ARFZE00000004,content.34193.1.3,charge_lid_status,Open,1770634940714,1770634941561,bk,1770634940469515445
tel_247,VF37ARFZE00000004,content.34193.1.31,charge_gun_connection_status_,Open,1770634940715,1770634941314,bk,1770634940469515446
tel_248,VF37ARFZE00000008,content.34193.1.8,estimated_running_time,697,1770634940716,1770634941354,bk,1770634940469515447
tel_249,VF37ARFZE00000001,content.34183.1.20,front_left_tire_temperature,40,1770634940717,1770634941500,bk,1770634940469515448
tel_250,VF37ARFZE00000006,content.34183.1.29,handbrake_status,Active,1770634940718,1770634941205,bk,1770634940469515449
tel_251,VF37ARFZE00000008,content.6.1.6,downstream_route_request,125,1770634940719,1770634941271,bk,1770634940469515450
tel_252,VF37ARFZE00000003,content.34193.1.2,charging_gun_authenticate_status,Closed,1770634940720,1770634941067,bk,1770634940469515451
tel_253,VF37ARFZE00000006,content.34193.1.24,current_departure_time,681,1770634940721,1770634941353,bk,1770634940469515452
tel_254,VF37ARFZE00000009,content.34187.1.2,distance,173491,1770634940722,1770634941177,bk,1770634940469515453
tel_255,VF37ARFZE00000001,content.34193.1.25,charge_schedule_mode,On,1770634940723,1770634941018,bk,1770634940469515454
tel_256,VF37ARFZE00000007,content.34183.1.12,sunroof_position_status,On,1770634940724,1770634941170,bk,1770634940469515455
tel_257,VF37ARFZE00000007,content.34193.1.10,charge_schedule_status,Open,1770634940725,1770634941686,bk,1770634940469515456
tel_258,VF37ARFZE00000007,content.34187.1.5,average_power_consumption_(non-vfe34),144,1770634940726,1770634940979,bk,1770634940469515457
tel_259,VF37ARFZE00000007,content.34181.1.3,engine_type,774,1770634940727,1770634941492,bk,1770634940469515458
tel_260,VF37ARFZE00000004,content.34183.1.15,interior_temperature,32,1770634940728,1770634941086,bk,1770634940469515459
tel_261,VF37ARFZE00000007,content.34193.1.30,super_fast_charge_longer,545,1770634940729,1770634941439,bk,1770634940469515460
tel_262,VF37ARFZE00000009,content.6.1.1,longitude,115.000000,1770634940730,1770634941291,bk,1770634940469515461
tel_263,VF37ARFZE00000007,content.34183.1.35,remote_control_status,Open,1770634940731,1770634941007,bk,1770634940469515462
tel_264,VF37ARFZE00000008,content.34183.1.41,brake_regen_mode,Inactive,1770634940732,1770634941443,bk,1770634940469515463
tel_265,VF37ARFZE00000005,content.34181.1.6,market_area,72,1770634940733,1770634941680,bk,1770634940469515464
tel_266,VF37ARFZE00000005,content.34181.1.3,engine_type,213,1770634940734,1770634941031,bk,1770634940469515465
tel_267,VF37ARFZE00000006,content.34193.1.25,charge_schedule_mode,On,1770634940735,1770634940766,bk,1770634940469515466
tel_268,VF37ARFZE00000001,content.34183.1.17,front_right_tire_pressure,99,1770634940736,1770634941088,bk,1770634940469515467
tel_269,VF37ARFZE00000006,content.34181.1.6,market_area,40,1770634940737,1770634941129,bk,1770634940469515468
tel_270,VF37ARFZE00000009,content.34183.1.25,brake_position,477,1770634940738,1770634941264,bk,1770634940469515469
tel_271,VF37ARFZE00000002,content.34181.1.2,vehicle_class,666,1770634940739,1770634941327,bk,1770634940469515470
tel_272,VF37ARFZE00000009,content.34193.1.30,super_fast_charge_longer,860,1770634940740,1770634940938,bk,1770634940469515471
tel_273,VF37ARFZE00000005,content.34183.1.27,rain_sensor,115,1770634940741,1770634941147,bk,1770634940469515472
tel_274,VF37ARFZE00000001,content.34183.1.31,number_of_passengers,598,1770634940742,1770634941429,bk,1770634940469515473
tel_275,VF37ARFZE00000009,content.6.1.11,bearing_degree,856,1770634940743,1770634941283,bk,1770634940469515474
tel_276,VF37ARFZE00000007,content.34180.1.7,model_year,On,1770634940744,1770634941032,bk,1770634940469515475
tel_277,VF37ARFZE00000006,content.34181.1.3,engine_type,486,1770634940745,1770634940998,bk,1770634940469515476
tel_278,VF37ARFZE00000006,content.34223.1.8,passenger_occupancy_status,Active,1770634940746,1770634941515,bk,1770634940469515477
tel_279,VF37ARFZE00000009,content.34193.1.27,errorcode,510,1770634940747,1770634941166,bk,1770634940469515478
tel_280,VF37ARFZE00000004,content.34183.1.14,central_lock_status,Active,1770634940748,1770634940811,bk,1770634940469515479
tel_281,VF37ARFZE00000008,content.34183.1.8,magnetic_declination,786,1770634940749,1770634941621,bk,1770634940469515480
tel_282,VF37ARFZE00000008,content.34183.1.25,brake_position,248,1770634940750,1770634941605,bk,1770634940469515481
tel_283,VF37ARFZE00000001,content.34180.1.7,model_year,On,1770634940751,1770634941566,bk,1770634940469515482
tel_284,VF37ARFZE00000001,content.34187.1.4,average_fuel_consumption,24,1770634940752,1770634940756,bk,1770634940469515483
tel_285,VF37ARFZE00000006,content.34183.1.32,vehicle_drvice_mode,Closed,1770634940753,1770634941564,bk,1770634940469515484
tel_286,VF37ARFZE00000001,content.34223.1.2,first_row_passenger_seat_belt,987,1770634940754,1770634940811,bk,1770634940469515485
tel_287,VF37ARFZE00000003,content.34180.1.11,vehicle_owner,689,1770634940755,1770634941464,bk,1770634940469515486
tel_288,VF37ARFZE00000009,content.34183.1.22,rear_left_tire_temperature,81,1770634940756,1770634941086,bk,1770634940469515487
tel_289,VF37ARFZE00000006,content.34180.1.9,vehicle_production_identifier,273,1770634940757,1770634941328,bk,1770634940469515488
tel_290,VF37ARFZE00000007,content.6.1.6,downstream_route_request,780,1770634940758,1770634940865,bk,1770634940469515489
tel_291,VF37ARFZE00000002,content.34193.1.10,charge_schedule_status,Open,1770634940759,1770634941516,bk,1770634940469515490
tel_292,VF37ARFZE00000004,content.34193.1.19,current_target_soc,12,1770634940760,1770634940830,bk,1770634940469515491
tel_293,VF37ARFZE00000010,content.6.1.8,upstream_route_request,23,1770634940761,1770634940958,bk,1770634940469515492
tel_294,VF37ARFZE00000002,content.34187.1.3,average_speed,93,1770634940762,1770634941460,bk,1770634940469515493
tel_295,VF37ARFZE00000001,content.34181.1.7,marketing_name,391,1770634940763,1770634941324,bk,1770634940469515494
tel_296,VF37ARFZE00000010,content.34183.1.43,driver_tilt_position,574,1770634940764,1770634941581,bk,1770634940469515495
tel_297,VF37ARFZE00000002,content.34181.1.6,market_area,276,1770634940765,1770634941707,bk,1770634940469515496
tel_298,VF37ARFZE00000006,content.34223.1.4,second_row_passenger_seat_belt,342,1770634940766,1770634941313,bk,1770634940469515497
tel_299,VF37ARFZE00000003,content.34180.1.10,vehicle_name,841,1770634940767,1770634941489,bk,1770634940469515498
tel_300,VF37ARFZE00000002,content.34180.1.7,model_year,Open,1770634940768,1770634941112,bk,1770634940469515499
tel_301,VF37ARFZE00000006,content.34193.1.9,set_target_soc,58,1770634940769,1770634941656,bk,1770634940469515500
tel_302,VF37ARFZE00000010,content.34183.1.29,handbrake_status,Off,1770634940770,1770634941480,bk,1770634940469515501
tel_303,VF37ARFZE00000007,content.34183.1.2,vehicle_speed,67,1770634940771,1770634941484,bk,1770634940469515502
tel_304,VF37ARFZE00000004,content.34183.1.31,number_of_passengers,470,1770634940772,1770634941047,bk,1770634940469515503
tel_305,VF37ARFZE00000007,content.34180.1.11,vehicle_owner,909,1770634940773,1770634940985,bk,1770634940469515504
tel_306,VF37ARFZE00000003,content.34183.1.36,capp_status,Closed,1770634940774,1770634941281,bk,1770634940469515505
tel_307,VF37ARFZE00000009,content.34183.1.22,rear_left_tire_temperature,15,1770634940775,1770634941122,bk,1770634940469515506
tel_308,VF37ARFZE00000010,content.34183.1.38,mirror_position_left_y,730,1770634940776,1770634941766,bk,1770634940469515507
tel_309,VF37ARFZE00000003,content.34183.1.23,rear_right_tire_temperature,37,1770634940777,1770634940964,bk,1770634940469515508
tel_310,VF37ARFZE00000002,content.34183.1.24,time_zone,859,1770634940778,1770634941353,bk,1770634940469515509
tel_311,VF37ARFZE00000007,content.10351.1.100,door_control,349,1770634940779,1770634941682,bk,1770634940469515510
tel_312,VF37ARFZE00000008,content.34180.1.7,model_year,Inactive,1770634940780,1770634941127,bk,1770634940469515511
tel_313,VF37ARFZE00000006,content.34183.1.27,rain_sensor,774,1770634940781,1770634941012,bk,1770634940469515512
tel_314,VF37ARFZE00000003,content.34181.1.3,engine_type,773,1770634940782,1770634941108,bk,1770634940469515513
tel_315,VF37ARFZE00000005,content.34183.1.18,rear_left_tire_pressure,48,1770634940783,1770634941408,bk,1770634940469515514
tel_316,VF37ARFZE00000007,content.34183.1.38,mirror_position_left_y,995,1770634940784,1770634940943,bk,1770634940469515515
tel_317,VF37ARFZE00000002,content.34183.1.4,fuel_level,10,1770634940785,1770634941211,bk,1770634940469515516
tel_318,VF37ARFZE00000002,content.34183.1.39,mirror_position_right_x,883,1770634940786,1770634940947,bk,1770634940469515517
tel_319,VF37ARFZE00000009,content.34181.1.5,year_of_production,7,1770634940787,1770634940964,bk,1770634940469515518
tel_320,VF37ARFZE00000006,content.6.1.11,bearing_degree,954,1770634940788,1770634940797,bk,1770634940469515519
tel_321,VF37ARFZE00000001,content.34183.1.32,vehicle_drvice_mode,Off,1770634940789,1770634941735,bk,1770634940469515520
tel_322,VF37ARFZE00000005,content.34187.1.3,average_speed,41,1770634940790,1770634941589,bk,1770634940469515521
tel_323,VF37ARFZE00000008,content.34193.1.9,set_target_soc,38,1770634940791,1770634941726,bk,1770634940469515522
tel_324,VF37ARFZE00000001,content.6.1.11,bearing_degree,71,1770634940792,1770634940933,bk,1770634940469515523
tel_325,VF37ARFZE00000007,content.34193.1.17,dc_charging_gun_status,Off,1770634940793,1770634941643,bk,1770634940469515524
tel_326,VF37ARFZE00000007,content.6.1.9,upstream_info,112,1770634940794,1770634941665,bk,1770634940469515525
tel_327,VF37ARFZE00000006,content.34183.1.45,driver_height_position,149,1770634940795,1770634941726,bk,1770634940469515526
tel_328,VF37ARFZE00000009,content.34183.1.33,media_play_event,144,1770634940796,1770634941262,bk,1770634940469515527
tel_329,VF37ARFZE00000010,content.34193.1.19,current_target_soc,46,1770634940797,1770634941535,bk,1770634940469515528
tel_330,VF37ARFZE00000006,content.34183.1.6,timestamp,980,1770634940798,1770634941284,bk,1770634940469515529
tel_331,VF37ARFZE00000001,content.34183.1.28,current_abs_mode,Closed,1770634940799,1770634941576,bk,1770634940469515530
tel_332,VF37ARFZE00000008,content.34183.1.46,autodiag,798,1770634940800,1770634941549,bk,1770634940469515531
tel_333,VF37ARFZE00000001,content.34193.1.17,dc_charging_gun_status,Open,1770634940801,1770634941624,bk,1770634940469515532
tel_334,VF37ARFZE00000008,content.34193.1.4,charge_lid_control,237,1770634940802,1770634940948,bk,1770634940469515533
tel_335,VF37ARFZE00000007,content.34183.1.2,vehicle_speed,97,1770634940803,1770634941347,bk,1770634940469515534
tel_336,VF37ARFZE00000005,content.34183.1.48,adas_did_fd10,458,1770634940804,1770634941703,bk,1770634940469515535
tel_337,VF37ARFZE00000006,content.6.1.6,downstream_route_request,981,1770634940805,1770634941134,bk,1770634940469515536
tel_338,VF37ARFZE00000009,content.34183.1.21,front_right_tire_temperature,64,1770634940806,1770634941495,bk,1770634940469515537
tel_339,VF37ARFZE00000002,content.34183.1.24,time_zone,999,1770634940807,1770634941289,bk,1770634940469515538
tel_340,VF37ARFZE00000001,content.34180.1.11,vehicle_owner,683,1770634940808,1770634940879,bk,1770634940469515539
tel_341,VF37ARFZE00000001,content.34183.1.12,sunroof_position_status,Inactive,1770634940809,1770634941000,bk,1770634940469515540
tel_342,VF37ARFZE00000006,content.34183.1.7,ambient_temperature,103,1770634940810,1770634941644,bk,1770634940469515541
tel_343,VF37ARFZE00000003,content.34183.1.44,driver_track_position,706,1770634940811,1770634941184,bk,1770634940469515542
tel_344,VF37ARFZE00000002,content.34193.1.16,charging_attempt_timestamp,467,1770634940812,1770634941366,bk,1770634940469515543
tel_345,VF37ARFZE00000003,content.34183.1.7,ambient_temperature,75,1770634940813,1770634941066,bk,1770634940469515544
tel_346,VF37ARFZE00000008,content.34183.1.19,rear_right_tire_pressure,42,1770634940814,1770634941514,bk,1770634940469515545
tel_347,VF37ARFZE00000006,content.34193.1.28,charging_interrupt_warning,641,1770634940815,1770634940927,bk,1770634940469515546
tel_348,VF37ARFZE00000009,content.34193.1.8,estimated_running_time,355,1770634940816,1770634941200,bk,1770634940469515547
tel_349,VF37ARFZE00000002,content.34183.1.50,ods_to_detect_rear_seat_on_vf5_gsm_taxi,698,1770634940817,1770634941229,bk,1770634940469515548
tel_350,VF37ARFZE00000002,content.34183.1.4,fuel_level,30,1770634940818,1770634941646,bk,1770634940469515549
tel_351,VF37ARFZE00000004,content.6.1.1,longitude,111.000000,1770634940819,1770634941727,bk,1770634940469515550
tel_352,VF37ARFZE00000001,content.34193.1.6,charging_control,578,1770634940820,1770634940870,bk,1770634940469515551
tel_353,VF37ARFZE00000001,content.34187.1.3,average_speed,113,1770634940821,1770634941166,bk,1770634940469515552
tel_354,VF37ARFZE00000003,content.34193.1.12,charge_schedule_start_time,456,1770634940822,1770634941628,bk,1770634940469515553
tel_355,VF37ARFZE00000006,content.34183.1.33,media_play_event,715,1770634940823,1770634941289,bk,1770634940469515554
tel_356,VF37ARFZE00000009,content.34223.1.4,second_row_passenger_seat_belt,249,1770634940824,1770634941475,bk,1770634940469515555
tel_357,VF37ARFZE00000004,content.34193.1.9,set_target_soc,19,1770634940825,1770634941611,bk,1770634940469515556
tel_358,VF37ARFZE00000009,content.34183.1.50,ods_to_detect_rear_seat_on_vf5_gsm_taxi,755,1770634940826,1770634941537,bk,1770634940469515557
tel_359,VF37ARFZE00000006,content.34193.1.18,auto_charge_transaction_info,279,1770634940827,1770634941160,bk,1770634940469515558
tel_360,VF37ARFZE00000010,content.34183.1.26,accelerator_pedal_position,419,1770634940828,1770634941153,bk,1770634940469515559
tel_361,VF37ARFZE00000002,content.34183.1.4,fuel_level,56,1770634940829,1770634941190,bk,1770634940469515560
tel_362,VF37ARFZE00000003,content.34193.1.10,charge_schedule_status,Open,1770634940830,1770634940991,bk,1770634940469515561
tel_363,VF37ARFZE00000008,content.6.1.9,upstream_info,34,1770634940831,1770634940975,bk,1770634940469515562
tel_364,VF37ARFZE00000008,content.34181.1.2,vehicle_class,336,1770634940832,1770634940943,bk,1770634940469515563
tel_365,VF37ARFZE00000008,content.34193.1.10,charge_schedule_status,Active,1770634940833,1770634940948,bk,1770634940469515564
tel_366,VF37ARFZE00000009,content.34183.1.50,ods_to_detect_rear_seat_on_vf5_gsm_taxi,82,1770634940834,1770634941158,bk,1770634940469515565
tel_367,VF37ARFZE00000004,content.34183.1.32,vehicle_drvice_mode,Closed,1770634940835,1770634941600,bk,1770634940469515566
tel_368,VF37ARFZE00000006,content.34183.1.22,rear_left_tire_temperature,93,1770634940836,1770634941803,bk,1770634940469515567
tel_369,VF37ARFZE00000009,content.6.1.4,velocity,110,1770634940837,1770634941651,bk,1770634940469515568
tel_370,VF37ARFZE00000002,content.34193.1.3,charge_lid_status,Open,1770634940838,1770634941391,bk,1770634940469515569
tel_371,VF37ARFZE00000003,content.34181.1.9,tbox_db_variant,781,1770634940839,1770634940906,bk,1770634940469515570
tel_372,VF37ARFZE00000004,content.34187.1.2,distance,10875,1770634940840,1770634940991,bk,1770634940469515571
tel_373,VF37ARFZE00000009,content.34193.1.13,set_departure_time,974,1770634940841,1770634940921,bk,1770634940469515572
tel_374,VF37ARFZE00000002,content.34183.1.25,brake_position,484,1770634940842,1770634941379,bk,1770634940469515573
tel_375,VF37ARFZE00000005,content.34183.1.44,driver_track_position,419,1770634940843,1770634941094,bk,1770634940469515574
tel_376,VF37ARFZE00000006,content.34183.1.46,autodiag,732,1770634940844,1770634941030,bk,1770634940469515575
tel_377,VF37ARFZE00000001,content.34183.1.6,timestamp,943,1770634940845,1770634941271,bk,1770634940469515576
tel_378,VF37ARFZE00000003,content.10351.1.50,door_status,Closed,1770634940846,1770634940973,bk,1770634940469515577
tel_379,VF37ARFZE00000001,content.34183.1.41,brake_regen_mode,Inactive,1770634940847,1770634941597,bk,1770634940469515578
tel_380,VF37ARFZE00000002,content.6.1.11,bearing_degree,925,1770634940848,1770634941190,bk,1770634940469515579
tel_381,VF37ARFZE00000005,content.34183.1.43,driver_tilt_position,86,1770634940849,1770634941041,bk,1770634940469515580
tel_382,VF37ARFZE00000004,content.34223.1.5,second_row_middle_seat_belt,947,1770634940850,1770634941796,bk,1770634940469515581
tel_383,VF37ARFZE00000008,content.6.1.3,radius,936,1770634940851,1770634941294,bk,1770634940469515582
tel_384,VF37ARFZE00000008,content.34183.1.43,driver_tilt_position,197,1770634940852,1770634941296,bk,1770634940469515583
tel_385,VF37ARFZE00000009,content.6.1.2,altitude,309,1770634940853,1770634941333,bk,1770634940469515584
tel_386,VF37ARFZE00000004,content.34193.1.30,super_fast_charge_longer,562,1770634940854,1770634941754,bk,1770634940469515585
tel_387,VF37ARFZE00000002,content.34183.1.13,sunshade_position_status,On,1770634940855,1770634941720,bk,1770634940469515586
tel_388,VF37ARFZE00000008,content.34181.1.8,l/r_hd,171,1770634940856,1770634941000,bk,1770634940469515587
tel_389,VF37ARFZE00000001,content.34193.1.9,set_target_soc,6,1770634940857,1770634940914,bk,1770634940469515588
tel_390,VF37ARFZE00000003,content.34183.1.43,driver_tilt_position,121,1770634940858,1770634940921,bk,1770634940469515589
tel_391,VF37ARFZE00000006,content.6.1.3,radius,786,1770634940859,1770634941839,bk,1770634940469515590
tel_392,VF37ARFZE00000003,content.34193.1.5,charging_status,Active,1770634940860,1770634941650,bk,1770634940469515591
tel_393,VF37ARFZE00000007,content.34180.1.9,vehicle_production_identifier,817,1770634940861,1770634941452,bk,1770634940469515592
tel_394,VF37ARFZE00000006,content.6.1.5,timestamp,417,1770634940862,1770634941329,bk,1770634940469515593
tel_395,VF37ARFZE00000005,content.34183.1.40,mirror_position_right_y,84,1770634940863,1770634941271,bk,1770634940469515594
tel_396,VF37ARFZE00000007,content.6.1.1,longitude,108.000000,1770634940864,1770634941359,bk,1770634940469515595
tel_397,VF37ARFZE00000001,content.34193.1.16,charging_attempt_timestamp,388,1770634940865,1770634941680,bk,1770634940469515596
tel_398,VF37ARFZE00000004,content.34187.1.5,average_power_consumption_(non-vfe34),632,1770634940866,1770634941662,bk,1770634940469515597
tel_399,VF37ARFZE00000001,content.34183.1.38,mirror_position_left_y,900,1770634940867,1770634941292,bk,1770634940469515598
tel_400,VF37ARFZE00000009,content.34180.1.9,vehicle_production_identifier,738,1770634940868,1770634940948,bk,1770634940469515599
tel_401,VF37ARFZE00000007,content.34183.1.12,sunroof_position_status,Inactive,1770634940869,1770634940977,bk,1770634940469515600
tel_402,VF37ARFZE00000008,content.34183.1.4,fuel_level,91,1770634940870,1770634941097,bk,1770634940469515601
tel_403,VF37ARFZE00000003,content.34193.1.6,charging_control,941,1770634940871,1770634941473,bk,1770634940469515602
tel_404,VF37ARFZE00000008,content.34183.1.10,ignition_status,Inactive,1770634940872,1770634941298,bk,1770634940469515603
tel_405,VF37ARFZE00000010,content.6.1.5,timestamp,477,1770634940873,1770634940955,bk,1770634940469515604
tel_406,VF37ARFZE00000003,content.34183.1.20,front_left_tire_temperature,104,1770634940874,1770634940909,bk,1770634940469515605
tel_407,VF37ARFZE00000007,content.34181.1.8,l/r_hd,635,1770634940875,1770634941863,bk,1770634940469515606
tel_408,VF37ARFZE00000002,content.6.1.11,bearing_degree,856,1770634940876,1770634940896,bk,1770634940469515607
tel_409,VF37ARFZE00000002,content.34183.1.38,mirror_position_left_y,678,1770634940877,1770634940912,bk,1770634940469515608
tel_410,VF37ARFZE00000004,content.34183.1.17,front_right_tire_pressure,87,1770634940878,1770634941007,bk,1770634940469515609
tel_411,VF37ARFZE00000001,content.34183.1.4,fuel_level,7,1770634940879,1770634941428,bk,1770634940469515610
tel_412,VF37ARFZE00000008,content.34183.1.7,ambient_temperature,67,1770634940880,1770634941255,bk,1770634940469515611
tel_413,VF37ARFZE00000007,content.34183.1.40,mirror_position_right_y,479,1770634940881,1770634941474,bk,1770634940469515612
tel_414,VF37ARFZE00000006,content.34193.1.17,dc_charging_gun_status,Inactive,1770634940882,1770634941092,bk,1770634940469515613
tel_415,VF37ARFZE00000001,content.6.1.6,downstream_route_request,714,1770634940883,1770634941483,bk,1770634940469515614
tel_416,VF37ARFZE00000010,content.34181.1.3,engine_type,881,1770634940884,1770634941656,bk,1770634940469515615
tel_417,VF37ARFZE00000002,content.34193.1.21,peak_off_hour_start,4,1770634940885,1770634941568,bk,1770634940469515616
tel_418,VF37ARFZE00000001,content.34183.1.48,adas_did_fd10,164,1770634940886,1770634940928,bk,1770634940469515617
tel_419,VF37ARFZE00000003,content.34183.1.40,mirror_position_right_y,42,1770634940887,1770634941860,bk,1770634940469515618
tel_420,VF37ARFZE00000009,content.34193.1.19,current_target_soc,45,1770634940888,1770634941293,bk,1770634940469515619
tel_421,VF37ARFZE00000009,content.34187.1.5,average_power_consumption_(non-vfe34),147,1770634940889,1770634941337,bk,1770634940469515620
tel_422,VF37ARFZE00000008,content.34187.1.6,average_power_consumption_(vfe34),87,1770634940890,1770634941209,bk,1770634940469515621
tel_423,VF37ARFZE00000010,content.34183.1.22,rear_left_tire_temperature,95,1770634940891,1770634941314,bk,1770634940469515622
tel_424,VF37ARFZE00000009,content.6.1.11,bearing_degree,804,1770634940892,1770634941238,bk,1770634940469515623
tel_425,VF37ARFZE00000003,content.34193.1.9,set_target_soc,41,1770634940893,1770634940927,bk,1770634940469515624
tel_426,VF37ARFZE00000001,content.34183.1.46,autodiag,39,1770634940894,1770634941300,bk,1770634940469515625
tel_427,VF37ARFZE00000010,content.34183.1.48,adas_did_fd10,432,1770634940895,1770634940940,bk,1770634940469515626
tel_428,VF37ARFZE00000001,content.34183.1.18,rear_left_tire_pressure,80,1770634940896,1770634941013,bk,1770634940469515627
tel_429,VF37ARFZE00000001,content.34183.1.43,driver_tilt_position,130,1770634940897,1770634941384,bk,1770634940469515628
tel_430,VF37ARFZE00000005,content.34183.1.36,capp_status,On,1770634940898,1770634941707,bk,1770634940469515629
tel_431,VF37ARFZE00000006,content.34183.1.16,front_left_tire_pressure,42,1770634940899,1770634941188,bk,1770634940469515630
tel_432,VF37ARFZE00000010,content.34193.1.25,charge_schedule_mode,Active,1770634940900,1770634940953,bk,1770634940469515631
tel_433,VF37ARFZE00000006,content.34183.1.24,time_zone,395,1770634940901,1770634941328,bk,1770634940469515632
tel_434,VF37ARFZE00000008,content.34183.1.2,vehicle_speed,27,1770634940902,1770634941234,bk,1770634940469515633
tel_435,VF37ARFZE00000010,content.34180.1.11,vehicle_owner,90,1770634940903,1770634941394,bk,1770634940469515634
tel_436,VF37ARFZE00000007,content.34183.1.19,rear_right_tire_pressure,40,1770634940904,1770634941245,bk,1770634940469515635
tel_437,VF37ARFZE00000003,content.6.1.7,downstream_info,218,1770634940905,1770634941191,bk,1770634940469515636
tel_438,VF37ARFZE00000008,content.34193.1.22,peak_off_hour_end,503,1770634940906,1770634941024,bk,1770634940469515637
tel_439,VF37ARFZE00000004,content.34193.1.32,charging_type,353,1770634940907,1770634941306,bk,1770634940469515638
tel_440,VF37ARFZE00000010,content.34223.1.7,third_row_passenger_seat_belt,483,1770634940908,1770634941561,bk,1770634940469515639
tel_441,VF37ARFZE00000002,content.34183.1.12,sunroof_position_status,Open,1770634940909,1770634941812,bk,1770634940469515640
tel_442,VF37ARFZE00000002,content.34183.1.34,cpd_status,Open,1770634940910,1770634941078,bk,1770634940469515641
tel_443,VF37ARFZE00000009,content.34187.1.2,distance,398728,1770634940911,1770634941103,bk,1770634940469515642
tel_444,VF37ARFZE00000010,content.34181.1.2,vehicle_class,348,1770634940912,1770634941685,bk,1770634940469515643
tel_445,VF37ARFZE00000009,content.34193.1.8,estimated_running_time,415,1770634940913,1770634941650,bk,1770634940469515644
tel_446,VF37ARFZE00000002,content.34183.1.18,rear_left_tire_pressure,83,1770634940914,1770634941894,bk,1770634940469515645
tel_447,VF37ARFZE00000002,content.34183.1.30,parking_duration,887,1770634940915,1770634941204,bk,1770634940469515646
tel_448,VF37ARFZE00000010,content.34183.1.50,ods_to_detect_rear_seat_on_vf5_gsm_taxi,377,1770634940916,1770634940925,bk,1770634940469515647
tel_449,VF37ARFZE00000003,content.34180.1.10,vehicle_name,888,1770634940917,1770634941009,bk,1770634940469515648
tel_450,VF37ARFZE00000006,content.34223.1.6,third_row_driver_seat_belt,514,1770634940918,1770634941220,bk,1770634940469515649
tel_451,VF37ARFZE00000006,content.34183.1.36,capp_status,Open,1770634940919,1770634941486,bk,1770634940469515650
tel_452,VF37ARFZE00000001,content.34193.1.28,charging_interrupt_warning,535,1770634940920,1770634941142,bk,1770634940469515651
tel_453,VF37ARFZE00000007,content.34193.1.26,full_charge_remaining_time,65,1770634940921,1770634941349,bk,1770634940469515652
tel_454,VF37ARFZE00000007,content.34180.1.3,vehicle_manufacturer,478,1770634940922,1770634941261,bk,1770634940469515653
tel_455,VF37ARFZE00000003,content.34187.1.3,average_speed,112,1770634940923,1770634941789,bk,1770634940469515654
tel_456,VF37ARFZE00000006,content.34183.1.48,adas_did_fd10,538,1770634940924,1770634941103,bk,1770634940469515655
tel_457,VF37ARFZE00000007,content.34193.1.30,super_fast_charge_longer,442,1770634940925,1770634941473,bk,1770634940469515656
tel_458,VF37ARFZE00000001,content.34183.1.10,ignition_status,Inactive,1770634940926,1770634941227,bk,1770634940469515657
tel_459,VF37ARFZE00000008,content.34183.1.32,vehicle_drvice_mode,Active,1770634940927,1770634941424,bk,1770634940469515658
tel_460,VF37ARFZE00000009,content.34193.1.8,estimated_running_time,684,1770634940928,1770634941314,bk,1770634940469515659
tel_461,VF37ARFZE00000003,content.34223.1.5,second_row_middle_seat_belt,87,1770634940929,1770634941887,bk,1770634940469515660
tel_462,VF37ARFZE00000007,content.34193.1.24,current_departure_time,955,1770634940930,1770634941024,bk,1770634940469515661
tel_463,VF37ARFZE00000006,content.34193.1.4,charge_lid_control,980,1770634940931,1770634940955,bk,1770634940469515662
tel_464,VF37ARFZE00000008,content.6.1.7,downstream_info,7,1770634940932,1770634941867,bk,1770634940469515663
tel_465,VF37ARFZE00000009,content.34183.1.41,brake_regen_mode,Closed,1770634940933,1770634941475,bk,1770634940469515664
tel_466,VF37ARFZE00000009,content.34183.1.3,odometer,97128,1770634940934,1770634941693,bk,1770634940469515665
tel_467,VF37ARFZE00000009,content.34223.1.6,third_row_driver_seat_belt,666,1770634940935,1770634941461,bk,1770634940469515666
tel_468,VF37ARFZE00000010,content.34193.1.30,super_fast_charge_longer,718,1770634940936,1770634941268,bk,1770634940469515667
tel_469,VF37ARFZE00000004,content.34193.1.12,charge_schedule_start_time,946,1770634940937,1770634941599,bk,1770634940469515668
tel_470,VF37ARFZE00000008,content.34183.1.38,mirror_position_left_y,319,1770634940938,1770634940994,bk,1770634940469515669
tel_471,VF37ARFZE00000008,content.6.1.0,latitude,29.000000,1770634940939,1770634941508,bk,1770634940469515670
tel_472,VF37ARFZE00000003,content.34183.1.17,front_right_tire_pressure,14,1770634940940,1770634941414,bk,1770634940469515671
tel_473,VF37ARFZE00000005,content.34183.1.37,mirror_position_left_x,894,1770634940941,1770634941874,bk,1770634940469515672
tel_474,VF37ARFZE00000009,content.34183.1.16,front_left_tire_pressure,81,1770634940942,1770634941406,bk,1770634940469515673
tel_475,VF37ARFZE00000002,content.34183.1.28,current_abs_mode,Closed,1770634940943,1770634941418,bk,1770634940469515674
tel_476,VF37ARFZE00000009,content.34183.1.42,driver_recliner_position,758,1770634940944,1770634941527,bk,1770634940469515675
tel_477,VF37ARFZE00000002,content.34193.1.12,charge_schedule_start_time,979,1770634940945,1770634941202,bk,1770634940469515676
tel_478,VF37ARFZE00000007,content.34183.1.16,front_left_tire_pressure,45,1770634940946,1770634941071,bk,1770634940469515677
tel_479,VF37ARFZE00000010,content.34180.1.3,vehicle_manufacturer,710,1770634940947,1770634941922,bk,1770634940469515678
tel_480,VF37ARFZE00000003,content.10351.1.50,door_status,Open,1770634940948,1770634941147,bk,1770634940469515679
tel_481,VF37ARFZE00000004,content.34193.1.4,charge_lid_control,146,1770634940949,1770634941266,bk,1770634940469515680
tel_482,VF37ARFZE00000008,content.34183.1.32,vehicle_drvice_mode,Active,1770634940950,1770634941836,bk,1770634940469515681
tel_483,VF37ARFZE00000003,content.34193.1.4,charge_lid_control,361,1770634940951,1770634941174,bk,1770634940469515682
tel_484,VF37ARFZE00000003,content.34183.1.13,sunshade_position_status,Inactive,1770634940952,1770634941323,bk,1770634940469515683
tel_485,VF37ARFZE00000009,content.34193.1.24,current_departure_time,336,1770634940953,1770634941617,bk,1770634940469515684
tel_486,VF37ARFZE00000004,content.34183.1.44,driver_track_position,503,1770634940954,1770634941834,bk,1770634940469515685
tel_487,VF37ARFZE00000002,content.34223.1.3,second_row_driver_seat_belt,716,1770634940955,1770634941904,bk,1770634940469515686
tel_488,VF37ARFZE00000009,content.34183.1.18,rear_left_tire_pressure,69,1770634940956,1770634941739,bk,1770634940469515687
tel_489,VF37ARFZE00000003,content.34183.1.7,ambient_temperature,91,1770634940957,1770634941832,bk,1770634940469515688
tel_490,VF37ARFZE00000001,content.34183.1.48,adas_did_fd10,461,1770634940958,1770634941768,bk,1770634940469515689
tel_491,VF37ARFZE00000010,content.34183.1.13,sunshade_position_status,Closed,1770634940959,1770634941387,bk,1770634940469515690
tel_492,VF37ARFZE00000005,content.34183.1.36,capp_status,On,1770634940960,1770634941814,bk,1770634940469515691
tel_493,VF37ARFZE00000004,content.34183.1.28,current_abs_mode,Open,1770634940961,1770634941364,bk,1770634940469515692
tel_494,VF37ARFZE00000001,content.34193.1.4,charge_lid_control,371,1770634940962,1770634941006,bk,1770634940469515693
tel_495,VF37ARFZE00000007,content.34183.1.28,current_abs_mode,On,1770634940963,1770634941588,bk,1770634940469515694
tel_496,VF37ARFZE00000004,content.34183.1.43,driver_tilt_position,148,1770634940964,1770634941897,bk,1770634940469515695
tel_497,VF37ARFZE00000006,content.34193.1.29,hv_status,Closed,1770634940965,1770634941452,bk,1770634940469515696
tel_498,VF37ARFZE00000010,content.34183.1.8,magnetic_declination,695,1770634940966,1770634941081,bk,1770634940469515697
tel_499,VF37ARFZE00000010,content.34183.1.27,rain_sensor,190,1770634940967,1770634941100,bk,1770634940469515698
tel_500,VF37ARFZE00000010,content.34193.1.4,charge_lid_control,610,1770634940968,1770634941917,bk,1770634940469515699
tel_501,VF37ARFZE00000001,content.34193.1.9,set_target_soc,55,1770634940969,1770634941156,bk,1770634940469515700
tel_502,VF37ARFZE00000002,content.34193.1.26,full_charge_remaining_time,157,1770634940970,1770634941386,bk,1770634940469515701
tel_503,VF37ARFZE00000006,content.34180.1.3,vehicle_manufacturer,0,1770634940971,1770634941431,bk,1770634940469515702
tel_504,VF37ARFZE00000008,content.34183.1.11,remaining_distance,445070,1770634940972,1770634941562,bk,1770634940469515703
tel_505,VF37ARFZE00000006,content.34193.1.19,current_target_soc,63,1770634940973,1770634941486,bk,1770634940469515704
tel_506,VF37ARFZE00000008,content.34183.1.29,handbrake_status,On,1770634940974,1770634941643,bk,1770634940469515705
tel_507,VF37ARFZE00000007,content.34183.1.28,current_abs_mode,Active,1770634940975,1770634941229,bk,1770634940469515706
tel_508,VF37ARFZE00000003,content.34180.1.7,model_year,Off,1770634940976,1770634941303,bk,1770634940469515707
tel_509,VF37ARFZE00000006,content.34223.1.3,second_row_driver_seat_belt,750,1770634940977,1770634941514,bk,1770634940469515708
tel_510,VF37ARFZE00000008,content.6.1.8,upstream_route_request,15,1770634940978,1770634941184,bk,1770634940469515709
tel_511,VF37ARFZE00000001,content.34193.1.17,dc_charging_gun_status,On,1770634940979,1770634941328,bk,1770634940469515710
tel_512,VF37ARFZE00000006,content.34193.1.27,errorcode,334,1770634940980,1770634941439,bk,1770634940469515711
tel_513,VF37ARFZE00000009,content.34183.1.32,vehicle_drvice_mode,Open,1770634940981,1770634941880,bk,1770634940469515712
tel_514,VF37ARFZE00000010,content.34180.1.7,model_year,On,1770634940982,1770634941623,bk,1770634940469515713
tel_515,VF37ARFZE00000006,content.34180.1.3,vehicle_manufacturer,827,1770634940983,1770634941287,bk,1770634940469515714
tel_516,VF37ARFZE00000003,content.34193.1.17,dc_charging_gun_status,Closed,1770634940984,1770634941189,bk,1770634940469515715
tel_517,VF37ARFZE00000003,content.34193.1.24,current_departure_time,470,1770634940985,1770634941953,bk,1770634940469515716
tel_518,VF37ARFZE00000008,content.34193.1.23,enable_peak_off_hour,491,1770634940986,1770634941436,bk,1770634940469515717
tel_519,VF37ARFZE00000007,content.34183.1.28,current_abs_mode,Off,1770634940987,1770634941693,bk,1770634940469515718
tel_520,VF37ARFZE00000005,content.6.1.7,downstream_info,508,1770634940988,1770634941262,bk,1770634940469515719
tel_521,VF37ARFZE00000010,content.34183.1.45,driver_height_position,725,1770634940989,1770634941686,bk,1770634940469515720
tel_522,VF37ARFZE00000003,content.34183.1.42,driver_recliner_position,77,1770634940990,1770634941320,bk,1770634940469515721
tel_523,VF37ARFZE00000004,content.34183.1.43,driver_tilt_position,999,1770634940991,1770634941569,bk,1770634940469515722
tel_524,VF37ARFZE00000001,content.34183.1.46,autodiag,393,1770634940992,1770634941869,bk,1770634940469515723
tel_525,VF37ARFZE00000006,content.34193.1.25,charge_schedule_mode,Open,1770634940993,1770634941607,bk,1770634940469515724
tel_526,VF37ARFZE00000010,content.6.1.5,timestamp,867,1770634940994,1770634941421,bk,1770634940469515725
tel_527,VF37ARFZE00000002,content.6.1.11,bearing_degree,34,1770634940995,1770634941804,bk,1770634940469515726
tel_528,VF37ARFZE00000005,content.34183.1.35,remote_control_status,On,1770634940996,1770634941250,bk,1770634940469515727
tel_529,VF37ARFZE00000005,content.34183.1.18,rear_left_tire_pressure,93,1770634940997,1770634940998,bk,1770634940469515728
tel_530,VF37ARFZE00000004,content.34183.1.7,ambient_temperature,46,1770634940998,1770634941244,bk,1770634940469515729
tel_531,VF37ARFZE00000010,content.34193.1.8,estimated_running_time,317,1770634940999,1770634941000,bk,1770634940469515730
tel_532,VF37ARFZE00000005,content.6.1.6,downstream_route_request,296,1770634941000,1770634941733,bk,1770634940469515731
tel_533,VF37ARFZE00000001,content.34183.1.50,ods_to_detect_rear_seat_on_vf5_gsm_taxi,479,1770634941001,1770634941503,bk,1770634940469515732
tel_534,VF37ARFZE00000010,content.34193.1.5,charging_status,Closed,1770634941002,1770634941917,bk,1770634940469515733
tel_535,VF37ARFZE00000008,content.34183.1.24,time_zone,422,1770634941003,1770634941249,bk,1770634940469515734
tel_536,VF37ARFZE00000009,content.34183.1.45,driver_height_position,520,1770634941004,1770634941320,bk,1770634940469515735
tel_537,VF37ARFZE00000001,content.34193.1.22,peak_off_hour_end,640,1770634941005,1770634941706,bk,1770634940469515736
tel_538,VF37ARFZE00000001,content.34183.1.2,vehicle_speed,7,1770634941006,1770634941908,bk,1770634940469515737
tel_539,VF37ARFZE00000007,content.34193.1.12,charge_schedule_start_time,905,1770634941007,1770634941445,bk,1770634940469515738
tel_540,VF37ARFZE00000004,content.34193.1.26,full_charge_remaining_time,525,1770634941008,1770634941795,bk,1770634940469515739
tel_541,VF37ARFZE00000005,content.6.1.9,upstream_info,301,1770634941009,1770634941628,bk,1770634940469515740
tel_542,VF37ARFZE00000007,content.34183.1.21,front_right_tire_temperature,80,1770634941010,1770634942006,bk,1770634940469515741
tel_543,VF37ARFZE00000009,content.34181.1.5,year_of_production,936,1770634941011,1770634941067,bk,1770634940469515742
tel_544,VF37ARFZE00000001,content.34183.1.26,accelerator_pedal_position,104,1770634941012,1770634941598,bk,1770634940469515743
tel_545,VF37ARFZE00000006,content.34183.1.13,sunshade_position_status,Active,1770634941013,1770634941290,bk,1770634940469515744
tel_546,VF37ARFZE00000006,content.34183.1.18,rear_left_tire_pressure,14,1770634941014,1770634941463,bk,1770634940469515745
tel_547,VF37ARFZE00000001,content.10351.1.100,door_control,618,1770634941015,1770634941434,bk,1770634940469515746
tel_548,VF37ARFZE00000008,content.6.1.9,upstream_info,858,1770634941016,1770634941359,bk,1770634940469515747
tel_549,VF37ARFZE00000006,content.34193.1.19,current_target_soc,22,1770634941017,1770634941917,bk,1770634940469515748
tel_550,VF37ARFZE00000010,content.34181.1.9,tbox_db_variant,726,1770634941018,1770634941031,bk,1770634940469515749
tel_551,VF37ARFZE00000009,content.34181.1.7,marketing_name,765,1770634941019,1770634941460,bk,1770634940469515750
tel_552,VF37ARFZE00000001,content.34223.1.6,third_row_driver_seat_belt,832,1770634941020,1770634941838,bk,1770634940469515751
tel_553,VF37ARFZE00000005,content.34193.1.19,current_target_soc,15,1770634941021,1770634941506,bk,1770634940469515752
tel_554,VF37ARFZE00000003,content.34193.1.13,set_departure_time,955,1770634941022,1770634941557,bk,1770634940469515753
tel_555,VF37ARFZE00000002,content.34193.1.4,charge_lid_control,456,1770634941023,1770634941167,bk,1770634940469515754
tel_556,VF37ARFZE00000004,content.34183.1.51,ods_to_detect_font_seat_status_of_occupancy,Active,1770634941024,1770634941853,bk,1770634940469515755
tel_557,VF37ARFZE00000004,content.34183.1.4,fuel_level,40,1770634941025,1770634941118,bk,1770634940469515756
tel_558,VF37ARFZE00000008,content.34187.1.6,average_power_consumption_(vfe34),869,1770634941026,1770634941743,bk,1770634940469515757
tel_559,VF37ARFZE00000007,content.34223.1.4,second_row_passenger_seat_belt,97,1770634941027,1770634941585,bk,1770634940469515758
tel_560,VF37ARFZE00000005,content.34180.1.11,vehicle_owner,314,1770634941028,1770634941293,bk,1770634940469515759
tel_561,VF37ARFZE00000006,content.34183.1.11,remaining_distance,146147,1770634941029,1770634941102,bk,1770634940469515760
tel_562,VF37ARFZE00000006,content.34193.1.4,charge_lid_control,995,1770634941030,1770634941814,bk,1770634940469515761
tel_563,VF37ARFZE00000004,content.34193.1.24,current_departure_time,995,1770634941031,1770634941706,bk,1770634940469515762
tel_564,VF37ARFZE00000010,content.6.1.6,downstream_route_request,435,1770634941032,1770634941629,bk,1770634940469515763
tel_565,VF37ARFZE00000003,content.34187.1.4,average_fuel_consumption,20,1770634941033,1770634941482,bk,1770634940469515764
tel_566,VF37ARFZE00000004,content.34180.1.11,vehicle_owner,128,1770634941034,1770634941109,bk,1770634940469515765
tel_567,VF37ARFZE00000010,content.34181.1.5,year_of_production,260,1770634941035,1770634941827,bk,1770634940469515766
tel_568,VF37ARFZE00000004,content.34193.1.24,current_departure_time,19,1770634941036,1770634941439,bk,1770634940469515767
tel_569,VF37ARFZE00000004,content.34183.1.33,media_play_event,300,1770634941037,1770634941906,bk,1770634940469515768
tel_570,VF37ARFZE00000005,content.6.1.2,altitude,45,1770634941038,1770634941869,bk,1770634940469515769
tel_571,VF37ARFZE00000010,content.34183.1.45,driver_height_position,736,1770634941039,1770634941047,bk,1770634940469515770
tel_572,VF37ARFZE00000003,content.6.1.0,latitude,15.000000,1770634941040,1770634941728,bk,1770634940469515771
tel_573,VF37ARFZE00000004,content.34193.1.18,auto_charge_transaction_info,992,1770634941041,1770634941058,bk,1770634940469515772
tel_574,VF37ARFZE00000006,content.34223.1.5,second_row_middle_seat_belt,525,1770634941042,1770634941928,bk,1770634940469515773
tel_575,VF37ARFZE00000004,content.34183.1.4,fuel_level,54,1770634941043,1770634941662,bk,1770634940469515774
tel_576,VF37ARFZE00000005,content.34183.1.26,accelerator_pedal_position,678,1770634941044,1770634941964,bk,1770634940469515775
tel_577,VF37ARFZE00000009,content.34193.1.3,charge_lid_status,On,1770634941045,1770634941116,bk,1770634940469515776
tel_578,VF37ARFZE00000004,content.34183.1.24,time_zone,895,1770634941046,1770634941801,bk,1770634940469515777
tel_579,VF37ARFZE00000002,content.34183.1.50,ods_to_detect_rear_seat_on_vf5_gsm_taxi,582,1770634941047,1770634941666,bk,1770634940469515778
tel_580,VF37ARFZE00000006,content.34193.1.24,current_departure_time,199,1770634941048,1770634941114,bk,1770634940469515779
tel_581,VF37ARFZE00000008,content.34193.1.18,auto_charge_transaction_info,170,1770634941049,1770634941990,bk,1770634940469515780
tel_582,VF37ARFZE00000005,content.34223.1.2,first_row_passenger_seat_belt,781,1770634941050,1770634941853,bk,1770634940469515781
tel_583,VF37ARFZE00000010,content.34193.1.24,current_departure_time,740,1770634941051,1770634941769,bk,1770634940469515782
tel_584,VF37ARFZE00000001,content.34193.1.23,enable_peak_off_hour,810,1770634941052,1770634942029,bk,1770634940469515783
tel_585,VF37ARFZE00000003,content.34193.1.5,charging_status,Closed,1770634941053,1770634941761,bk,1770634940469515784
tel_586,VF37ARFZE00000005,content.34193.1.21,peak_off_hour_start,564,1770634941054,1770634941876,bk,1770634940469515785
tel_587,VF37ARFZE00000001,content.34183.1.11,remaining_distance,37090,1770634941055,1770634941369,bk,1770634940469515786
tel_588,VF37ARFZE00000006,content.34183.1.14,central_lock_status,Closed,1770634941056,1770634941976,bk,1770634940469515787
tel_589,VF37ARFZE00000007,content.6.1.1,longitude,107.000000,1770634941057,1770634941179,bk,1770634940469515788
tel_590,VF37ARFZE00000009,content.34180.1.9,vehicle_production_identifier,581,1770634941058,1770634941451,bk,1770634940469515789
tel_591,VF37ARFZE00000006,content.34183.1.45,driver_height_position,424,1770634941059,1770634941140,bk,1770634940469515790
tel_592,VF37ARFZE00000004,content.34183.1.48,adas_did_fd10,405,1770634941060,1770634941947,bk,1770634940469515791
tel_593,VF37ARFZE00000010,content.34181.1.5,year_of_production,336,1770634941061,1770634941815,bk,1770634940469515792
tel_594,VF37ARFZE00000009,content.34193.1.32,charging_type,16,1770634941062,1770634941540,bk,1770634940469515793
tel_595,VF37ARFZE00000003,content.34183.1.22,rear_left_tire_temperature,49,1770634941063,1770634941758,bk,1770634940469515794
tel_596,VF37ARFZE00000010,content.34187.1.3,average_speed,46,1770634941064,1770634941366,bk,1770634940469515795
tel_597,VF37ARFZE00000001,content.34181.1.2,vehicle_class,416,1770634941065,1770634942021,bk,1770634940469515796
tel_598,VF37ARFZE00000009,content.34183.1.17,front_right_tire_pressure,38,1770634941066,1770634941413,bk,1770634940469515797
tel_599,VF37ARFZE00000009,content.34180.1.9,vehicle_production_identifier,694,1770634941067,1770634941453,bk,1770634940469515798
tel_600,VF37ARFZE00000010,content.6.1.3,radius,694,1770634941068,1770634941728,bk,1770634940469515799
tel_601,VF37ARFZE00000009,content.6.1.4,velocity,50,1770634941069,1770634941345,bk,1770634940469515800
tel_602,VF37ARFZE00000008,content.34183.1.2,vehicle_speed,46,1770634941070,1770634941360,bk,1770634940469515801
tel_603,VF37ARFZE00000007,content.34183.1.20,front_left_tire_temperature,54,1770634941071,1770634941466,bk,1770634940469515802
tel_604,VF37ARFZE00000008,content.34183.1.47,start_autodiag,651,1770634941072,1770634941849,bk,1770634940469515803
tel_605,VF37ARFZE00000008,content.34193.1.8,estimated_running_time,681,1770634941073,1770634941460,bk,1770634940469515804
tel_606,VF37ARFZE00000007,content.34193.1.13,set_departure_time,121,1770634941074,1770634941251,bk,1770634940469515805
tel_607,VF37ARFZE00000008,content.34193.1.6,charging_control,186,1770634941075,1770634941505,bk,1770634940469515806
tel_608,VF37ARFZE00000002,content.34181.1.2,vehicle_class,736,1770634941076,1770634942060,bk,1770634940469515807
tel_609,VF37ARFZE00000010,content.10351.1.50,door_status,Open,1770634941077,1770634941390,bk,1770634940469515808
tel_610,VF37ARFZE00000001,content.34223.1.8,passenger_occupancy_status,On,1770634941078,1770634941275,bk,1770634940469515809
tel_611,VF37ARFZE00000010,content.34193.1.13,set_departure_time,988,1770634941079,1770634941514,bk,1770634940469515810
tel_612,VF37ARFZE00000004,content.34183.1.46,autodiag,959,1770634941080,1770634941567,bk,1770634940469515811
tel_613,VF37ARFZE00000004,content.34193.1.6,charging_control,949,1770634941081,1770634941535,bk,1770634940469515812
tel_614,VF37ARFZE00000006,content.34183.1.10,ignition_status,Open,1770634941082,1770634941322,bk,1770634940469515813
tel_615,VF37ARFZE00000007,content.34193.1.12,charge_schedule_start_time,260,1770634941083,1770634941461,bk,1770634940469515814
tel_616,VF37ARFZE00000006,content.34187.1.6,average_power_consumption_(vfe34),910,1770634941084,1770634941851,bk,1770634940469515815
tel_617,VF37ARFZE00000009,content.34187.1.3,average_speed,119,1770634941085,1770634941981,bk,1770634940469515816
tel_618,VF37ARFZE00000010,content.34181.1.5,year_of_production,121,1770634941086,1770634941201,bk,1770634940469515817
tel_619,VF37ARFZE00000005,content.34193.1.23,enable_peak_off_hour,641,1770634941087,1770634941731,bk,1770634940469515818
tel_620,VF37ARFZE00000009,content.34187.1.1,trip_name,476,1770634941088,1770634941863,bk,1770634940469515819
tel_621,VF37ARFZE00000009,content.34193.1.21,peak_off_hour_start,394,1770634941089,1770634941961,bk,1770634940469515820
tel_622,VF37ARFZE00000001,content.34183.1.21,front_right_tire_temperature,17,1770634941090,1770634941674,bk,1770634940469515821
tel_623,VF37ARFZE00000008,content.34181.1.3,engine_type,294,1770634941091,1770634941580,bk,1770634940469515822
tel_624,VF37ARFZE00000008,content.34193.1.27,errorcode,388,1770634941092,1770634941150,bk,1770634940469515823
tel_625,VF37ARFZE00000005,content.34183.1.30,parking_duration,365,1770634941093,1770634941377,bk,1770634940469515824
tel_626,VF37ARFZE00000001,content.6.1.8,upstream_route_request,151,1770634941094,1770634941315,bk,1770634940469515825
tel_627,VF37ARFZE00000005,content.34181.1.2,vehicle_class,771,1770634941095,1770634941810,bk,1770634940469515826
tel_628,VF37ARFZE00000001,content.34181.1.4,vehicle_type,626,1770634941096,1770634941584,bk,1770634940469515827
tel_629,VF37ARFZE00000005,content.34180.1.10,vehicle_name,998,1770634941097,1770634941343,bk,1770634940469515828
tel_630,VF37ARFZE00000003,content.34193.1.20,plc_duty_cycle,365,1770634941098,1770634941893,bk,1770634940469515829
tel_631,VF37ARFZE00000005,content.34183.1.37,mirror_position_left_x,724,1770634941099,1770634942009,bk,1770634940469515830
tel_632,VF37ARFZE00000009,content.34183.1.42,driver_recliner_position,600,1770634941100,1770634941500,bk,1770634940469515831
tel_633,VF37ARFZE00000008,content.34183.1.47,start_autodiag,36,1770634941101,1770634941269,bk,1770634940469515832
tel_634,VF37ARFZE00000008,content.34193.1.6,charging_control,802,1770634941102,1770634942093,bk,1770634940469515833
tel_635,VF37ARFZE00000006,content.10351.1.100,door_control,538,1770634941103,1770634941416,bk,1770634940469515834
tel_636,VF37ARFZE00000003,content.6.1.6,downstream_route_request,64,1770634941104,1770634941983,bk,1770634940469515835
tel_637,VF37ARFZE00000009,content.34183.1.47,start_autodiag,779,1770634941105,1770634941830,bk,1770634940469515836
tel_638,VF37ARFZE00000010,content.34193.1.17,dc_charging_gun_status,On,1770634941106,1770634941582,bk,1770634940469515837
tel_639,VF37ARFZE00000005,content.34223.1.7,third_row_passenger_seat_belt,38,1770634941107,1770634941613,bk,1770634940469515838
tel_640,VF37ARFZE00000007,content.34187.1.5,average_power_consumption_(non-vfe34),658,1770634941108,1770634941615,bk,1770634940469515839
tel_641,VF37ARFZE00000001,content.34193.1.7,charging_remaining_time,118,1770634941109,1770634941293,bk,1770634940469515840
tel_642,VF37ARFZE00000002,content.34193.1.22,peak_off_hour_end,96,1770634941110,1770634941295,bk,1770634940469515841
tel_643,VF37ARFZE00000009,content.34193.1.2,charging_gun_authenticate_status,Active,1770634941111,1770634941399,bk,1770634940469515842
tel_644,VF37ARFZE00000005,content.34193.1.21,peak_off_hour_start,663,1770634941112,1770634941853,bk,1770634940469515843
tel_645,VF37ARFZE00000005,content.34183.1.40,mirror_position_right_y,28,1770634941113,1770634941986,bk,1770634940469515844
tel_646,VF37ARFZE00000008,content.34183.1.36,capp_status,Inactive,1770634941114,1770634942028,bk,1770634940469515845
tel_647,VF37ARFZE00000004,content.34181.1.8,l/r_hd,118,1770634941115,1770634941741,bk,1770634940469515846
tel_648,VF37ARFZE00000010,content.34181.1.7,marketing_name,332,1770634941116,1770634941202,bk,1770634940469515847
tel_649,VF37ARFZE00000002,content.34193.1.20,plc_duty_cycle,620,1770634941117,1770634941208,bk,1770634940469515848
tel_650,VF37ARFZE00000010,content.34180.1.10,vehicle_name,817,1770634941118,1770634941851,bk,1770634940469515849
tel_651,VF37ARFZE00000002,content.34193.1.18,auto_charge_transaction_info,863,1770634941119,1770634941318,bk,1770634940469515850
tel_652,VF37ARFZE00000008,content.34193.1.12,charge_schedule_start_time,841,1770634941120,1770634942041,bk,1770634940469515851
tel_653,VF37ARFZE00000005,content.34193.1.8,estimated_running_time,116,1770634941121,1770634941324,bk,1770634940469515852
tel_654,VF37ARFZE00000001,content.34187.1.1,trip_name,936,1770634941122,1770634941381,bk,1770634940469515853
tel_655,VF37ARFZE00000006,content.34223.1.5,second_row_middle_seat_belt,480,1770634941123,1770634941220,bk,1770634940469515854
tel_656,VF37ARFZE00000003,content.34183.1.26,accelerator_pedal_position,766,1770634941124,1770634942069,bk,1770634940469515855
tel_657,VF37ARFZE00000005,content.34183.1.40,mirror_position_right_y,361,1770634941125,1770634941332,bk,1770634940469515856
tel_658,VF37ARFZE00000009,content.34193.1.2,charging_gun_authenticate_status,Active,1770634941126,1770634942123,bk,1770634940469515857
tel_659,VF37ARFZE00000004,content.34193.1.29,hv_status,Inactive,1770634941127,1770634941556,bk,1770634940469515858
tel_660,VF37ARFZE00000006,content.6.1.5,timestamp,183,1770634941128,1770634941969,bk,1770634940469515859
tel_661,VF37ARFZE00000004,content.34183.1.14,central_lock_status,Inactive,1770634941129,1770634942072,bk,1770634940469515860
tel_662,VF37ARFZE00000004,content.34183.1.19,rear_right_tire_pressure,71,1770634941130,1770634941207,bk,1770634940469515861
tel_663,VF37ARFZE00000007,content.34183.1.38,mirror_position_left_y,702,1770634941131,1770634941198,bk,1770634940469515862
tel_664,VF37ARFZE00000010,content.34183.1.13,sunshade_position_status,Open,1770634941132,1770634941787,bk,1770634940469515863
tel_665,VF37ARFZE00000006,content.34193.1.29,hv_status,Closed,1770634941133,1770634941708,bk,1770634940469515864
tel_666,VF37ARFZE00000009,content.6.1.11,bearing_degree,400,1770634941134,1770634941508,bk,1770634940469515865
tel_667,VF37ARFZE00000009,content.34183.1.21,front_right_tire_temperature,20,1770634941135,1770634941564,bk,1770634940469515866
tel_668,VF37ARFZE00000005,content.34223.1.4,second_row_passenger_seat_belt,872,1770634941136,1770634941715,bk,1770634940469515867
tel_669,VF37ARFZE00000005,content.34183.1.9,hv_battery_soc,28,1770634941137,1770634941454,bk,1770634940469515868
tel_670,VF37ARFZE00000007,content.34183.1.10,ignition_status,Active,1770634941138,1770634941397,bk,1770634940469515869
tel_671,VF37ARFZE00000010,content.34193.1.28,charging_interrupt_warning,968,1770634941139,1770634941929,bk,1770634940469515870
tel_672,VF37ARFZE00000002,content.34193.1.10,charge_schedule_status,Open,1770634941140,1770634941420,bk,1770634940469515871
tel_673,VF37ARFZE00000002,content.34183.1.22,rear_left_tire_temperature,34,1770634941141,1770634941696,bk,1770634940469515872
tel_674,VF37ARFZE00000001,content.34183.1.27,rain_sensor,944,1770634941142,1770634941246,bk,1770634940469515873
tel_675,VF37ARFZE00000004,content.34183.1.26,accelerator_pedal_position,552,1770634941143,1770634941350,bk,1770634940469515874
tel_676,VF37ARFZE00000006,content.34180.1.3,vehicle_manufacturer,249,1770634941144,1770634942087,bk,1770634940469515875
tel_677,VF37ARFZE00000008,content.34183.1.6,timestamp,465,1770634941145,1770634941517,bk,1770634940469515876
tel_678,VF37ARFZE00000010,content.34187.1.5,average_power_consumption_(non-vfe34),999,1770634941146,1770634942090,bk,1770634940469515877
tel_679,VF37ARFZE00000005,content.34183.1.6,timestamp,63,1770634941147,1770634941559,bk,1770634940469515878
tel_680,VF37ARFZE00000009,content.34183.1.4,fuel_level,71,1770634941148,1770634942063,bk,1770634940469515879
tel_681,VF37ARFZE00000006,content.6.1.3,radius,277,1770634941149,1770634941432,bk,1770634940469515880
tel_682,VF37ARFZE00000003,content.34193.1.23,enable_peak_off_hour,839,1770634941150,1770634941180,bk,1770634940469515881
tel_683,VF37ARFZE00000009,content.34183.1.16,front_left_tire_pressure,94,1770634941151,1770634941995,bk,1770634940469515882
tel_684,VF37ARFZE00000004,content.34183.1.23,rear_right_tire_temperature,90,1770634941152,1770634941943,bk,1770634940469515883
tel_685,VF37ARFZE00000006,content.34193.1.31,charge_gun_connection_status_,Active,1770634941153,1770634941911,bk,1770634940469515884
tel_686,VF37ARFZE00000005,content.34180.1.11,vehicle_owner,163,1770634941154,1770634942073,bk,1770634940469515885
tel_687,VF37ARFZE00000004,content.10351.1.50,door_status,Open,1770634941155,1770634941514,bk,1770634940469515886
tel_688,VF37ARFZE00000003,content.34187.1.2,distance,178465,1770634941156,1770634942142,bk,1770634940469515887
tel_689,VF37ARFZE00000001,content.34183.1.5,lv_battery_soc,32,1770634941157,1770634941333,bk,1770634940469515888
tel_690,VF37ARFZE00000005,content.34183.1.41,brake_regen_mode,Open,1770634941158,1770634941972,bk,1770634940469515889
tel_691,VF37ARFZE00000007,content.34193.1.32,charging_type,531,1770634941159,1770634941286,bk,1770634940469515890
tel_692,VF37ARFZE00000007,content.34183.1.35,remote_control_status,On,1770634941160,1770634941604,bk,1770634940469515891
tel_693,VF37ARFZE00000002,content.6.1.10,gnss_status,Off,1770634941161,1770634942025,bk,1770634940469515892
tel_694,VF37ARFZE00000007,content.34183.1.38,mirror_position_left_y,815,1770634941162,1770634941821,bk,1770634940469515893
tel_695,VF37ARFZE00000002,content.6.1.7,downstream_info,357,1770634941163,1770634941456,bk,1770634940469515894
tel_696,VF37ARFZE00000009,content.10351.1.50,door_status,Open,1770634941164,1770634941626,bk,1770634940469515895
tel_697,VF37ARFZE00000008,content.34183.1.42,driver_recliner_position,296,1770634941165,1770634941801,bk,1770634940469515896
tel_698,VF37ARFZE00000001,content.34183.1.20,front_left_tire_temperature,62,1770634941166,1770634941381,bk,1770634940469515897
tel_699,VF37ARFZE00000002,content.10351.1.100,door_control,656,1770634941167,1770634941879,bk,1770634940469515898
tel_700,VF37ARFZE00000004,content.34183.1.9,hv_battery_soc,2,1770634941168,1770634941765,bk,1770634940469515899
tel_701,VF37ARFZE00000007,content.34193.1.32,charging_type,93,1770634941169,1770634941324,bk,1770634940469515900
tel_702,VF37ARFZE00000001,content.34180.1.11,vehicle_owner,910,1770634941170,1770634941251,bk,1770634940469515901
tel_703,VF37ARFZE00000007,content.34187.1.5,average_power_consumption_(non-vfe34),854,1770634941171,1770634941492,bk,1770634940469515902
tel_704,VF37ARFZE00000007,content.34193.1.12,charge_schedule_start_time,981,1770634941172,1770634941480,bk,1770634940469515903
tel_705,VF37ARFZE00000002,content.34183.1.16,front_left_tire_pressure,99,1770634941173,1770634941774,bk,1770634940469515904
tel_706,VF37ARFZE00000007,content.34183.1.32,vehicle_drvice_mode,Active,1770634941174,1770634941233,bk,1770634940469515905
tel_707,VF37ARFZE00000002,content.6.1.9,upstream_info,802,1770634941175,1770634941557,bk,1770634940469515906
tel_708,VF37ARFZE00000001,content.10351.1.50,door_status,Closed,1770634941176,1770634941918,bk,1770634940469515907
tel_709,VF37ARFZE00000010,content.34180.1.3,vehicle_manufacturer,70,1770634941177,1770634941742,bk,1770634940469515908
tel_710,VF37ARFZE00000002,content.34193.1.10,charge_schedule_status,On,1770634941178,1770634941363,bk,1770634940469515909
tel_711,VF37ARFZE00000001,content.34193.1.23,enable_peak_off_hour,431,1770634941179,1770634941306,bk,1770634940469515910
tel_712,VF37ARFZE00000010,content.6.1.0,latitude,26.000000,1770634941180,1770634941531,bk,1770634940469515911
tel_713,VF37ARFZE00000006,content.34183.1.30,parking_duration,565,1770634941181,1770634941676,bk,1770634940469515912
tel_714,VF37ARFZE00000004,content.34193.1.23,enable_peak_off_hour,580,1770634941182,1770634941400,bk,1770634940469515913
tel_715,VF37ARFZE00000002,content.34193.1.16,charging_attempt_timestamp,124,1770634941183,1770634941643,bk,1770634940469515914
tel_716,VF37ARFZE00000001,content.34183.1.2,vehicle_speed,63,1770634941184,1770634941210,bk,1770634940469515915
tel_717,VF37ARFZE00000006,content.34183.1.4,fuel_level,74,1770634941185,1770634942079,bk,1770634940469515916
tel_718,VF37ARFZE00000009,content.6.1.7,downstream_info,17,1770634941186,1770634942055,bk,1770634940469515917
tel_719,VF37ARFZE00000008,content.34183.1.50,ods_to_detect_rear_seat_on_vf5_gsm_taxi,54,1770634941187,1770634942175,bk,1770634940469515918
tel_720,VF37ARFZE00000002,content.6.1.4,velocity,105,1770634941188,1770634941844,bk,1770634940469515919
tel_721,VF37ARFZE00000010,content.34183.1.30,parking_duration,773,1770634941189,1770634941201,bk,1770634940469515920
tel_722,VF37ARFZE00000001,content.34183.1.40,mirror_position_right_y,285,1770634941190,1770634942067,bk,1770634940469515921
tel_723,VF37ARFZE00000002,content.34183.1.29,handbrake_status,Closed,1770634941191,1770634941595,bk,1770634940469515922
tel_724,VF37ARFZE00000003,content.34180.1.10,vehicle_name,836,1770634941192,1770634941901,bk,1770634940469515923
tel_725,VF37ARFZE00000008,content.34183.1.51,ods_to_detect_font_seat_status_of_occupancy,On,1770634941193,1770634941839,bk,1770634940469515924
tel_726,VF37ARFZE00000004,content.34183.1.19,rear_right_tire_pressure,45,1770634941194,1770634941447,bk,1770634940469515925
tel_727,VF37ARFZE00000002,content.34223.1.2,first_row_passenger_seat_belt,557,1770634941195,1770634941505,bk,1770634940469515926
tel_728,VF37ARFZE00000009,content.34193.1.25,charge_schedule_mode,Inactive,1770634941196,1770634941369,bk,1770634940469515927
tel_729,VF37ARFZE00000006,content.34183.1.24,time_zone,664,1770634941197,1770634941613,bk,1770634940469515928
tel_730,VF37ARFZE00000003,content.34183.1.3,odometer,163392,1770634941198,1770634941801,bk,1770634940469515929
tel_731,VF37ARFZE00000003,content.34193.1.6,charging_control,117,1770634941199,1770634941549,bk,1770634940469515930
tel_732,VF37ARFZE00000005,content.34193.1.16,charging_attempt_timestamp,571,1770634941200,1770634941841,bk,1770634940469515931
tel_733,VF37ARFZE00000007,content.34193.1.8,estimated_running_time,448,1770634941201,1770634941366,bk,1770634940469515932
tel_734,VF37ARFZE00000008,content.34183.1.47,start_autodiag,920,1770634941202,1770634941322,bk,1770634940469515933
tel_735,VF37ARFZE00000007,content.34183.1.36,capp_status,Open,1770634941203,1770634941695,bk,1770634940469515934
tel_736,VF37ARFZE00000001,content.34183.1.47,start_autodiag,338,1770634941204,1770634941601,bk,1770634940469515935
tel_737,VF37ARFZE00000009,content.34183.1.14,central_lock_status,Inactive,1770634941205,1770634941591,bk,1770634940469515936
tel_738,VF37ARFZE00000010,content.34181.1.3,engine_type,983,1770634941206,1770634941222,bk,1770634940469515937
tel_739,VF37ARFZE00000009,content.6.1.6,downstream_route_request,308,1770634941207,1770634941253,bk,1770634940469515938
tel_740,VF37ARFZE00000005,content.34193.1.30,super_fast_charge_longer,568,1770634941208,1770634941755,bk,1770634940469515939
tel_741,VF37ARFZE00000002,content.34183.1.10,ignition_status,Inactive,1770634941209,1770634941854,bk,1770634940469515940
tel_742,VF37ARFZE00000003,content.34183.1.9,hv_battery_soc,46,1770634941210,1770634941379,bk,1770634940469515941
tel_743,VF37ARFZE00000007,content.34183.1.16,front_left_tire_pressure,30,1770634941211,1770634941728,bk,1770634940469515942
tel_744,VF37ARFZE00000004,content.34183.1.41,brake_regen_mode,Active,1770634941212,1770634941302,bk,1770634940469515943
tel_745,VF37ARFZE00000008,content.6.1.9,upstream_info,558,1770634941213,1770634941948,bk,1770634940469515944
tel_746,VF37ARFZE00000006,content.34183.1.46,autodiag,0,1770634941214,1770634942037,bk,1770634940469515945
tel_747,VF37ARFZE00000007,content.34193.1.5,charging_status,On,1770634941215,1770634941449,bk,1770634940469515946
tel_748,VF37ARFZE00000005,content.34223.1.6,third_row_driver_seat_belt,748,1770634941216,1770634941230,bk,1770634940469515947
tel_749,VF37ARFZE00000006,content.34193.1.27,errorcode,82,1770634941217,1770634941472,bk,1770634940469515948
tel_750,VF37ARFZE00000002,content.34183.1.2,vehicle_speed,102,1770634941218,1770634941338,bk,1770634940469515949
tel_751,VF37ARFZE00000007,content.34183.1.9,hv_battery_soc,36,1770634941219,1770634941705,bk,1770634940469515950
tel_752,VF37ARFZE00000002,content.34183.1.34,cpd_status,Open,1770634941220,1770634941741,bk,1770634940469515951
tel_753,VF37ARFZE00000005,content.34183.1.7,ambient_temperature,96,1770634941221,1770634942066,bk,1770634940469515952
tel_754,VF37ARFZE00000003,content.34183.1.32,vehicle_drvice_mode,Off,1770634941222,1770634941282,bk,1770634940469515953
tel_755,VF37ARFZE00000002,content.34193.1.22,peak_off_hour_end,514,1770634941223,1770634941906,bk,1770634940469515954
tel_756,VF37ARFZE00000006,content.34183.1.25,brake_position,169,1770634941224,1770634941917,bk,1770634940469515955
tel_757,VF37ARFZE00000003,content.34183.1.11,remaining_distance,490359,1770634941225,1770634941696,bk,1770634940469515956
tel_758,VF37ARFZE00000009,content.34183.1.33,media_play_event,685,1770634941226,1770634942162,bk,1770634940469515957
tel_759,VF37ARFZE00000009,content.34181.1.6,market_area,615,1770634941227,1770634941439,bk,1770634940469515958
tel_760,VF37ARFZE00000002,content.34193.1.22,peak_off_hour_end,740,1770634941228,1770634941841,bk,1770634940469515959
tel_761,VF37ARFZE00000007,content.34183.1.12,sunroof_position_status,Active,1770634941229,1770634942129,bk,1770634940469515960
tel_762,VF37ARFZE00000007,content.34183.1.23,rear_right_tire_temperature,30,1770634941230,1770634941825,bk,1770634940469515961
tel_763,VF37ARFZE00000004,content.34183.1.28,current_abs_mode,Inactive,1770634941231,1770634941922,bk,1770634940469515962
tel_764,VF37ARFZE00000001,content.34193.1.4,charge_lid_control,464,1770634941232,1770634941265,bk,1770634940469515963
tel_765,VF37ARFZE00000008,content.34183.1.13,sunshade_position_status,On,1770634941233,1770634941315,bk,1770634940469515964
tel_766,VF37ARFZE00000010,content.34183.1.16,front_left_tire_pressure,68,1770634941234,1770634942103,bk,1770634940469515965
tel_767,VF37ARFZE00000008,content.34223.1.6,third_row_driver_seat_belt,342,1770634941235,1770634941616,bk,1770634940469515966
tel_768,VF37ARFZE00000010,content.34183.1.21,front_right_tire_temperature,26,1770634941236,1770634941381,bk,1770634940469515967
tel_769,VF37ARFZE00000004,content.6.1.4,velocity,0,1770634941237,1770634941462,bk,1770634940469515968
tel_770,VF37ARFZE00000005,content.34183.1.4,fuel_level,35,1770634941238,1770634941845,bk,1770634940469515969
tel_771,VF37ARFZE00000010,content.34183.1.29,handbrake_status,Off,1770634941239,1770634941964,bk,1770634940469515970
tel_772,VF37ARFZE00000010,content.6.1.11,bearing_degree,504,1770634941240,1770634941552,bk,1770634940469515971
tel_773,VF37ARFZE00000004,content.34193.1.2,charging_gun_authenticate_status,Open,1770634941241,1770634942100,bk,1770634940469515972
tel_774,VF37ARFZE00000008,content.34193.1.7,charging_remaining_time,841,1770634941242,1770634941455,bk,1770634940469515973
tel_775,VF37ARFZE00000003,content.34193.1.12,charge_schedule_start_time,280,1770634941243,1770634941923,bk,1770634940469515974
tel_776,VF37ARFZE00000010,content.34181.1.2,vehicle_class,482,1770634941244,1770634941433,bk,1770634940469515975
tel_777,VF37ARFZE00000003,content.10351.1.1,door_name,311,1770634941245,1770634941767,bk,1770634940469515976
tel_778,VF37ARFZE00000008,content.34183.1.20,front_left_tire_temperature,57,1770634941246,1770634941736,bk,1770634940469515977
tel_779,VF37ARFZE00000007,content.6.1.9,upstream_info,513,1770634941247,1770634942199,bk,1770634940469515978
tel_780,VF37ARFZE00000003,content.34183.1.29,handbrake_status,Closed,1770634941248,1770634941739,bk,1770634940469515979
tel_781,VF37ARFZE00000010,content.34183.1.26,accelerator_pedal_position,130,1770634941249,1770634941276,bk,1770634940469515980
tel_782,VF37ARFZE00000007,content.6.1.7,downstream_info,80,1770634941250,1770634942177,bk,1770634940469515981
tel_783,VF37ARFZE00000006,content.34187.1.2,distance,288811,1770634941251,1770634941766,bk,1770634940469515982
tel_784,VF37ARFZE00000003,content.34183.1.16,front_left_tire_pressure,28,1770634941252,1770634942244,bk,1770634940469515983
tel_785,VF37ARFZE00000008,content.34181.1.2,vehicle_class,223,1770634941253,1770634941342,bk,1770634940469515984
tel_786,VF37ARFZE00000002,content.34181.1.4,vehicle_type,331,1770634941254,1770634942038,bk,1770634940469515985
tel_787,VF37ARFZE00000005,content.34193.1.28,charging_interrupt_warning,388,1770634941255,1770634941854,bk,1770634940469515986
tel_788,VF37ARFZE00000004,content.34183.1.16,front_left_tire_pressure,27,1770634941256,1770634941452,bk,1770634940469515987
tel_789,VF37ARFZE00000010,content.34193.1.17,dc_charging_gun_status,Inactive,1770634941257,1770634941331,bk,1770634940469515988
tel_790,VF37ARFZE00000003,content.34193.1.8,estimated_running_time,936,1770634941258,1770634942230,bk,1770634940469515989
tel_791,VF37ARFZE00000004,content.34183.1.14,central_lock_status,Open,1770634941259,1770634941636,bk,1770634940469515990
tel_792,VF37ARFZE00000009,content.34193.1.21,peak_off_hour_start,875,1770634941260,1770634942089,bk,1770634940469515991
tel_793,VF37ARFZE00000007,content.34180.1.3,vehicle_manufacturer,993,1770634941261,1770634941591,bk,1770634940469515992
tel_794,VF37ARFZE00000006,content.34183.1.32,vehicle_drvice_mode,Open,1770634941262,1770634941645,bk,1770634940469515993
tel_795,VF37ARFZE00000007,content.34180.1.11,vehicle_owner,517,1770634941263,1770634942086,bk,1770634940469515994
tel_796,VF37ARFZE00000002,content.34193.1.32,charging_type,537,1770634941264,1770634941924,bk,1770634940469515995
tel_797,VF37ARFZE00000004,content.34193.1.28,charging_interrupt_warning,451,1770634941265,1770634942218,bk,1770634940469515996
tel_798,VF37ARFZE00000006,content.34181.1.2,vehicle_class,406,1770634941266,1770634942211,bk,1770634940469515997
tel_799,VF37ARFZE00000004,content.34223.1.6,third_row_driver_seat_belt,930,1770634941267,1770634941415,bk,1770634940469515998
tel_800,VF37ARFZE00000007,content.34183.1.4,fuel_level,85,1770634941268,1770634942103,bk,1770634940469515999
